id,name,domain,direction,subdirection,type,hours_min,hours_avg,hours_max,market_min,market_avg,market_max,specialists_raw,roles_model,blend_rate_cost,primary_role,primary_rate_cost,cost_min,cost_avg,cost_max,impro_price_min,impro_price_avg,impro_price_premium,margin_risk,implied_margin_at_market_avg,implied_margin_at_impro_avg
M-001,Сбор и кластеризация семантического ядра,marketing,SEO,Семантика,Проектная,8,24,60,10000,35000,80000,"SEO-специалист, Junior SEO (парсинг)",SEO(100%)+PM_cost(10%),1217,SEO,1432,10711,32134,80335,15301,51829,146064,NO,8.2,38.0
M-002,Расширение семантического ядра (апдейт),marketing,SEO,Семантика,Разовая,4,12,28,8000,20000,45000,SEO-специалист,SEO(100%)+PM_cost(10%),1217,SEO,1432,5356,16067,37490,7651,25915,68164,NO,19.7,38.0
M-003,Технический SEO-аудит сайта,marketing,SEO,Аудит,Проектная,10,25,50,15000,45000,100000,"SEO-специалист, При необходимости веб-аналитик",ANALYTICS(46%)+SEO(54%)+PM_cost(10%),1534,ANALYTICS,2240,16876,42190,84380,24109,68048,153418,NO,6.2,38.0
M-004,Полный SEO-аудит (тех + контент + ссылки),marketing,SEO,Аудит,Проектная,25,50,90,40000,90000,150000,"Senior SEO, SEO-специалист, Копирайтер (выборочно)",SEO(50%)+CONTENT(50%)+PM_cost(10%),1146,SEO,1432,31510,63019,113434,45014,101644,206244,NO,30.0,38.0
M-005,Аудит индексации и карта покрытия,marketing,SEO,Техническое SEO,Разовая,4,10,20,8000,18000,35000,SEO-специалист,SEO(100%)+PM_cost(10%),1217,SEO,1432,5356,13389,26778,7651,21595,48687,NO,25.6,38.0
M-006,"Настройка robots.txt, sitemap, каноникалов",marketing,SEO,Техническое SEO,Разовая,3,8,16,5000,12000,25000,"SEO-специалист, При необходимости разработчик (смежно)",SEO(100%)+PM_cost(10%),1217,SEO,1432,4017,10711,21423,5739,17276,38951,NO,10.7,38.0
M-007,Составление ТЗ на SEO-тексты,marketing,SEO,Контент-SEO,Разовая,5,3,6,2500,6000,12000,"SEO-специалист, Контент-менеджер",SEO(50%)+CONTENT(50%)+PM_cost(10%),1146,SEO,1432,6302,3781,7562,9003,9003,15000,NO,37.0,58.0
M-008,Онлайн-оптимизация посадочной страницы (on-page),marketing,SEO,On-page,Разовая,2,5,12,3000,8000,18000,SEO-специалист,SEO(100%)+PM_cost(10%),1217,SEO,1432,2678,6695,16067,3826,10798,29213,NO,16.3,38.0
M-009,Составление карты перелинковки,marketing,SEO,Внутренняя перелинковка,Проектная,6,16,35,10000,25000,55000,SEO-специалист,SEO(100%)+PM_cost(10%),1217,SEO,1432,8034,21423,46862,11477,34553,85204,NO,14.3,38.0
M-010,Внедрение микроразметки Schema.org,marketing,SEO,Техническое SEO,Разовая,4,10,24,8000,20000,45000,"SEO-специалист, Frontend (смежно)",FE(50%)+SEO(50%)+PM_cost(10%),1501,FE,2100,6605,16512,39629,9436,26632,72053,NO,17.4,38.0
M-011,Региональное SEO: настройка геозависимого продвижения,marketing,SEO,Локальное SEO,Проектная,10,22,45,20000,45000,90000,SEO-специалист,SEO(100%)+PM_cost(10%),1217,SEO,1432,13389,29456,60251,19127,47510,112500,NO,34.5,38.0
M-012,Оптимизация карточки Яндекс.Бизнес / Google Business,marketing,SEO,Локальное SEO,Разовая,2,5,12,5000,12000,30000,"SEO / Local SEO, SMM (фото)",SEO(50%)+SMM(50%)+PM_cost(10%),1253,SEO,1432,2756,6891,16538,4500,12600,37500,NO,42.6,45.3
M-013,Аудит ссылочного профиля,marketing,SEO,Линкбилдинг,Разовая,6,14,28,12000,28000,55000,SEO-специалист,SEO(100%)+PM_cost(10%),1217,SEO,1432,8034,18745,37490,11477,30234,68750,NO,33.1,38.0
M-014,Линкбилдинг: стратегия и медиаплан ссылок,marketing,SEO,Линкбилдинг,Проектная,8,16,30,15000,35000,70000,"Senior SEO, Digital PR (опц.)",SEO(100%)+PM_cost(10%),1217,SEO,1432,10711,21423,40168,15301,36750,87500,NO,38.8,41.7
M-015,Линкбилдинг: ежемесячное наращивание ссылок,marketing,SEO,Линкбилдинг,Ежемесячная,10,20,40,15000,40000,80000,"SEO-специалист, Link builder",SEO(100%)+PM_cost(10%),1217,SEO,1432,13389,26778,53557,19127,43190,100000,NO,33.1,38.0
M-016,Аудит коммерческих факторов ранжирования,marketing,SEO,Аудит,Разовая,6,14,28,12000,30000,60000,"SEO-специалист, UX (опц.)",SEO(100%)+PM_cost(10%),1217,SEO,1432,8034,18745,37490,11477,31500,75000,NO,37.5,40.5
M-017,SEO-сопровождение (ежемесячное),marketing,SEO,Сопровождение,Ежемесячная,15,35,70,25000,60000,150000,"SEO-специалист, Junior SEO, Аккаунт",SEO(100%)+PM_cost(15%),1217,SEO,1432,20997,48992,97985,29996,79019,187500,NO,18.3,38.0
M-018,Мониторинг позиций и видимости,marketing,SEO,Аналитика SEO,Ежемесячная,3,6,12,5000,12000,25000,"SEO-специалист, Аналитик",ANALYTICS(46%)+SEO(54%)+PM_cost(10%),1534,ANALYTICS,2240,5063,10126,20251,7233,16332,36820,NO,15.6,38.0
M-019,SEO при миграции сайта / смене CMS,marketing,SEO,Техническое SEO,Проектная,15,35,70,30000,70000,140000,"Senior SEO, SEO-специалист",SEO(100%)+PM_cost(10%),1217,SEO,1432,20084,46862,93724,28691,75584,175000,NO,33.1,38.0
M-020,Оптимизация сниппетов (Title/Description/FAQ),marketing,SEO,On-page,Разовая,5,12,25,8000,20000,40000,"SEO-специалист, Копирайтер",SEO(50%)+CONTENT(50%)+PM_cost(10%),1146,SEO,1432,6302,15125,31510,9003,24395,57291,NO,24.4,38.0
M-021,Аудит рекламного кабинета Яндекс.Директ,marketing,Контекст / PPC,Яндекс.Директ,Разовая,6,14,28,15000,35000,70000,"PPC-специалист, Аналитик (опц.)",ANALYTICS(46%)+PPC(54%)+PM_cost(10%),1650,ANALYTICS,2240,10890,25410,50819,15557,40984,92398,NO,27.4,38.0
M-022,Сборка семантики для Директа,marketing,Контекст / PPC,Яндекс.Директ,Проектная,8,20,45,10000,30000,70000,PPC-специалист,PPC(100%)+PM_cost(10%),1432,PPC,1685,12604,31510,70896,18006,50823,128902,YES,-5.0,38.0
M-023,Настройка кампаний Яндекс.Директ с нуля,marketing,Контекст / PPC,Яндекс.Директ,Проектная,12,28,55,15000,40000,80000,"PPC-специалист, Дизайнер (баннеры опц.)",PPC(50%)+DESIGN(50%)+PM_cost(10%),1432,PPC,1685,18906,44113,86651,27009,71150,157547,YES,-10.3,38.0
M-024,Ведение Яндекс.Директ (ежемесячно),marketing,Контекст / PPC,Яндекс.Директ,Ежемесячная,12,30,60,20000,60000,150000,"PPC-специалист, Junior PPC, Аккаунт",PPC(100%)+PM_cost(15%),1432,PPC,1685,19765,49413,98825,28236,79698,187500,NO,17.6,38.0
M-025,Настройка товарных кампаний / фидов Директ,marketing,Контекст / PPC,Яндекс.Директ,Проектная,10,22,45,20000,45000,90000,"PPC-специалист, Фидер/аналитик",ANALYTICS(46%)+PPC(54%)+PM_cost(10%),1650,ANALYTICS,2240,18150,39930,81674,25929,64403,148498,NO,11.3,38.0
M-026,Настройка ретаргетинга и аудиторий Директ,marketing,Контекст / PPC,Яндекс.Директ,Разовая,5,12,24,10000,25000,50000,"PPC-специалист, Аналитик",ANALYTICS(46%)+PPC(54%)+PM_cost(10%),1650,ANALYTICS,2240,9075,21780,43559,12964,35129,79198,NO,12.9,38.0
M-027,Аудит кабинета VK Ads,marketing,Контекст / PPC,VK Ads,Разовая,5,12,24,12000,28000,55000,"PPC / targetologist, SMM (креативы)",PPC(50%)+SMM(50%)+PM_cost(10%),1360,PPC,1685,7482,17958,35915,10800,29400,68750,NO,35.9,38.9
M-028,Настройка VK Ads с нуля,marketing,Контекст / PPC,VK Ads,Проектная,10,22,40,15000,35000,70000,"Targetologist, Дизайнер (опц.)",DESIGN(100%)+PM_cost(10%),1432,DESIGN,1685,15755,34660,63019,22507,55903,114580,NO,1.0,38.0
M-029,Ведение VK Ads (ежемесячно),marketing,Контекст / PPC,VK Ads,Ежемесячная,10,25,50,20000,50000,120000,"Targetologist, Junior",SEO(100%)+PM_cost(15%),1217,SEO,1432,13998,34994,69989,19997,56442,150000,NO,30.0,38.0
M-030,Подготовка технического задания на баннеры РСЯ/VK,marketing,Контекст / PPC,Креативы PPC,Разовая,3,7,14,5000,12000,25000,"PPC, Арт-директор (опц.)",AD(18%)+PPC(82%)+PM_cost(10%),1704,AD,3500,5625,13125,26249,8036,21169,47725,YES,-9.4,38.0
M-031,Настройка рекламы в Яндекс.Картах / продвижение организации,marketing,Контекст / PPC,Локальная реклама,Разовая,3,8,16,8000,18000,35000,PPC / Local,PPC(100%)+PM_cost(10%),1432,PPC,1685,4726,12604,25208,7200,20329,45833,NO,30.0,38.0
M-032,Медиапланирование PPC (Директ + VK),marketing,Контекст / PPC,Стратегия PPC,Проектная,8,16,30,15000,35000,70000,"Senior PPC, Стратег",STRATEGIST(44%)+PPC(56%)+PM_cost(10%),1887,STRATEGIST,2900,16603,33205,62260,23719,53556,113200,NO,5.1,38.0
M-033,Оптимизация посадочных под PPC (CRO-light),marketing,Контекст / PPC,Конверсия,Разовая,5,12,25,10000,25000,55000,"PPC, CRO/UX, Копирайтер",PPC(50%)+CONTENT(50%)+PM_cost(10%),1253,PPC,1685,6893,16544,34466,9847,26684,68750,NO,33.8,38.0
M-034,Настройка UTM-разметки рекламных кампаний,marketing,Контекст / PPC,Трекинг,Разовая,2,5,10,4000,10000,20000,"Аналитик, PPC",ANALYTICS(46%)+PPC(54%)+PM_cost(10%),1650,ANALYTICS,2240,3630,9075,18150,5186,14637,33000,NO,9.2,38.0
M-035,Подключение и базовая настройка Яндекс.Метрики для рекламы,marketing,Контекст / PPC,Аналитика PPC,Разовая,3,7,14,5000,12000,25000,"Аналитик, PPC",ANALYTICS(46%)+PPC(54%)+PM_cost(10%),1650,ANALYTICS,2240,5445,12705,25410,7779,20492,46200,YES,-5.9,38.0
M-036,Аудит социальных сетей бренда,marketing,SMM,Аудит,Разовая,6,12,24,12000,28000,55000,"SMM-стратег, SMM-менеджер",STRATEGIST(44%)+SMM(56%)+PM_cost(10%),1806,STRATEGIST,2900,11921,23842,47684,17030,38455,86698,NO,14.8,38.0
M-037,Разработка SMM-стратегии,marketing,SMM,Стратегия,Проектная,10,20,40,25000,55000,110000,"SMM-стратег, Бренд-менеджер (опц.)",STRATEGIST(44%)+SMM(56%)+PM_cost(10%),1806,STRATEGIST,2900,19868,39737,79474,28383,64092,144498,NO,27.8,38.0
M-038,Оформление сообщества VK,marketing,SMM,Оформление,Разовая,4,8,16,8000,18000,35000,"SMM, Дизайнер",SMM(50%)+DESIGN(50%)+PM_cost(10%),1360,SMM,1516,5986,11972,23943,8551,19310,43750,NO,33.5,38.0
M-039,Контент-план SMM на месяц,marketing,SMM,Контент,Разовая,6,12,22,10000,22000,45000,"SMM-менеджер, Копирайтер",SMM(50%)+CONTENT(50%)+PM_cost(10%),1182,SMM,1516,7798,15596,28592,11140,25155,56250,NO,29.1,38.0
M-040,Ведение сообщества VK (ежемесячно),marketing,SMM,Ведение,Ежемесячная,15,35,60,25000,55000,120000,"SMM-менеджер, Дизайнер, Копирайтер",SMM(33%)+CONTENT(33%)+DESIGN(33%)+PM_cost(10%),1265,SMM,1516,20874,48706,83496,29820,78558,151811,NO,11.4,38.0
M-041,Ведение Telegram-канала (ежемесячно),marketing,SMM,Ведение,Ежемесячная,12,28,50,20000,45000,100000,"SMM / Telegram-editor, Копирайтер",SMM(50%)+CONTENT(50%)+PM_cost(10%),1182,SMM,1516,15596,36390,64983,22280,58694,125000,NO,19.1,38.0
M-042,Комьюнити-менеджмент (модерация и ответы),marketing,SMM,Комьюнити,Ежемесячная,10,25,50,15000,35000,80000,"Community manager, SMM",SMM(100%)+PM_cost(10%),1289,SMM,1516,14175,35436,70873,20250,57155,128860,NO,-1.2,38.0
M-043,Организация конкурса / механики вовлечения,marketing,SMM,Активации,Проектная,8,18,35,15000,35000,70000,"SMM, Дизайнер, Копирайтер",SMM(33%)+CONTENT(33%)+DESIGN(33%)+PM_cost(10%),1265,SMM,1516,11133,25049,48706,15904,40402,88556,NO,28.4,38.0
M-044,Производство пакета статичных постов (дизайн),marketing,SMM,Производство,Разовая,6,14,30,8000,20000,45000,"Графический дизайнер, SMM (ТЗ)",SMM(50%)+DESIGN(50%)+PM_cost(10%),1360,SMM,1516,8979,20951,44894,12827,33792,81625,YES,-4.8,38.0
M-045,Настройка и ведение VK Clips / коротких видео (light),marketing,SMM,Video/SMM,Ежемесячная,12,28,55,25000,55000,110000,"SMM, Motion/монтажёр",SMM(64%)+PRODUCER(36%)+PM_cost(10%),1577,SMM,1516,20820,48581,95426,29743,78356,173502,NO,11.7,38.0
M-046,Работа с блогерами: подбор и посевы (без бюджета),marketing,SMM,Инфлюенс,Проектная,8,18,35,15000,35000,70000,"Influencer manager, SMM",SMM(100%)+PM_cost(10%),1289,SMM,1516,11340,25514,49611,16200,41152,90202,NO,27.1,38.0
M-047,Кризис-коммуникации в соцсетях (разовый пакет),marketing,SMM,Кризис,Разовая,8,20,40,20000,50000,120000,"SMM-стратег, PR, Юрист клиента (смежно)",STRATEGIST(44%)+SMM(56%)+PM_cost(10%),1806,STRATEGIST,2900,15895,39737,79474,22707,64092,150000,NO,20.5,38.0
M-048,Аудит веб-аналитики (Метрика/GA),marketing,Аналитика,Аудит,Разовая,6,14,28,12000,30000,60000,Веб-аналитик,ANALYTICS(100%)+PM_cost(10%),1904,ANALYTICS,2240,12566,29322,58643,17951,47294,106624,NO,2.3,38.0
M-049,Настройка Яндекс.Метрики (полная),marketing,Аналитика,Метрика,Проектная,5,12,25,5000,15000,25000,Веб-аналитик,ANALYTICS(100%)+PM_cost(10%),1904,ANALYTICS,2240,10472,25133,52360,14960,40537,95200,YES,-67.6,38.0
M-050,Настройка целей и событий (client-side),marketing,Аналитика,События,Разовая,4,10,20,8000,18000,40000,"Веб-аналитик, Frontend (смежно)",FE(54%)+ANALYTICS(46%)+PM_cost(10%),1840,FE,2100,8096,20239,40478,11566,32644,73596,YES,-12.4,38.0
M-051,Настройка коллтрекинга (Calltouch/Callibri и др.),marketing,Аналитика,Коллтрекинг,Проектная,6,14,28,10000,25000,40000,"Аналитик, PPC (смежно)",ANALYTICS(46%)+PPC(54%)+PM_cost(10%),1650,ANALYTICS,2240,10890,25410,50819,15557,40984,92398,NO,-1.6,38.0
M-052,Интеграция аналитики с CRM (базовая сквозная),marketing,Аналитика,Сквозная аналитика,Проектная,15,35,70,30000,70000,150000,"Аналитик, Интегратор CRM",ANALYTICS(100%)+PM_cost(10%),1904,ANALYTICS,2240,31416,73304,146608,44880,118232,266560,YES,-4.7,38.0
M-053,Сборка маркетингового дашборда (DataLens/Sheets/Power BI),marketing,Аналитика,Отчётность,Проектная,12,28,55,25000,60000,120000,"Аналитик, BI-специалист",ANALYTICS(55%)+BI(45%)+PM_cost(10%),1985,ANALYTICS,2240,26204,61142,120101,37434,98616,218365,NO,-1.9,38.0
M-054,Настройка электронной коммерции в Метрике,marketing,Аналитика,Ecom-аналитика,Проектная,8,18,35,15000,35000,70000,"Веб-аналитик, Frontend",FE(54%)+ANALYTICS(46%)+PM_cost(10%),1840,FE,2100,16191,36430,70837,23130,58758,128795,YES,-4.1,38.0
M-055,Настройка Яндекс.Вебвизора и карт кликов (анализ UX),marketing,Аналитика,UX-аналитика,Разовая,5,12,24,10000,25000,50000,"Аналитик, UX",ANALYTICS(100%)+PM_cost(10%),1904,ANALYTICS,2240,10472,25133,50266,14960,40537,91393,NO,-0.5,38.0
M-056,Ежемесячная аналитическая отчётность и инсайты,marketing,Аналитика,Отчётность,Ежемесячная,6,12,24,15000,35000,70000,"Маркетинг-аналитик, Аккаунт",ANALYTICS(100%)+PM_cost(15%),1904,ANALYTICS,2240,13138,26275,52550,18769,42379,95545,NO,24.9,38.0
M-057,Настройка Google Tag Manager / аналог контейнера тегов,marketing,Аналитика,Тег-менеджмент,Проектная,6,14,30,10000,25000,55000,Веб-аналитик,ANALYTICS(100%)+PM_cost(10%),1904,ANALYTICS,2240,12566,29322,62832,17951,47294,114240,YES,-17.3,38.0
M-058,Написание SEO-статьи,marketing,Контент,SEO-копирайтинг,Разовая,4,8,16,3000,8000,15000,"SEO-копирайтер, Редактор",SEO(50%)+CONTENT(50%)+PM_cost(10%),1146,SEO,1432,5042,10083,20166,7203,16263,36665,YES,-26.0,38.0
M-059,Написание коммерческого лендингового текста,marketing,Контент,Коммерческий копирайтинг,Разовая,6,12,24,12000,30000,70000,"Копирайтер, Стратег (опц.)",STRATEGIST(44%)+CONTENT(56%)+PM_cost(10%),1686,STRATEGIST,2900,11129,22259,44517,15899,35902,87500,NO,25.8,38.0
M-060,Рерайт / обновление устаревшего контента,marketing,Контент,Редактура,Разовая,3,6,12,2500,6000,12000,"Копирайтер, SEO",SEO(50%)+CONTENT(50%)+PM_cost(10%),1146,SEO,1432,3781,7562,15125,5401,12197,27500,YES,-26.0,38.0
M-061,Контент-стратегия и рубрикатор,marketing,Контент,Стратегия,Проектная,12,25,45,30000,65000,130000,"Контент-стратег, Редактор",STRATEGIST(44%)+CONTENT(56%)+PM_cost(10%),1686,STRATEGIST,2900,22259,46372,83470,31799,74794,162500,NO,28.7,38.0
M-062,Написание карточек товаров / описаний категорий,marketing,Контент,Ecom-контент,Разовая,6,16,40,5000,15000,40000,Копирайтер ecom,CONTENT(100%)+PM_cost(10%),1074,CONTENT,1264,7091,18909,47274,10130,30498,85953,YES,-26.1,38.0
M-063,Подготовка экспертного интервью / материал с экспертом,marketing,Контент,Экспертный контент,Разовая,8,16,30,15000,35000,70000,"Редактор, Журналист",CONTENT(100%)+PM_cost(10%),1074,CONTENT,1264,9455,18909,35455,13507,36750,87500,NO,46.0,48.5
M-064,Редактура и корректура маркетинговых текстов,marketing,Контент,Редактура,Разовая,2,6,14,3000,10000,25000,"Редактор, Корректор",CONTENT(100%)+PM_cost(10%),1074,CONTENT,1264,2364,7091,16546,3377,11437,31250,NO,29.1,38.0
M-065,Сбор и оформление кейса / портфолио-истории,marketing,Контент,Кейсы,Разовая,8,16,32,15000,35000,70000,"Копирайтер, Аккаунт, Аналитик (цифры)",ANALYTICS(46%)+CONTENT(54%)+PM_cost(15%),1457,ANALYTICS,2240,13407,26814,53628,19153,43248,97505,NO,23.4,38.0
M-066,Контент-план блога / раздела статей на квартал,marketing,Контент,Планирование,Проектная,8,16,28,15000,35000,65000,"Контент-менеджер, SEO",SEO(50%)+CONTENT(50%)+PM_cost(10%),1146,SEO,1432,10083,20166,35291,14404,36750,81250,NO,42.4,45.1
M-067,Аудит репутации бренда (SERM-аудит),marketing,SERM,Аудит,Проектная,10,22,40,20000,45000,90000,"SERM-специалист, PR",SERM(100%)+PM_cost(10%),1217,SERM,1432,13389,29456,53557,19127,47510,112500,NO,34.5,38.0
M-068,Мониторинг упоминаний бренда,marketing,SERM,Мониторинг,Ежемесячная,5,12,25,10000,25000,50000,"SERM, Community",SERM(100%)+PM_cost(10%),1217,SERM,1432,6695,16067,33473,9564,26250,62500,NO,35.7,38.8
M-069,Работа с отзывами: ответы и регламент,marketing,SERM,Отзывы,Ежемесячная,8,20,40,15000,35000,70000,"SERM, Community, Сервис клиента",SERM(100%)+PM_cost(10%),1217,SERM,1432,10711,26778,53557,15301,43190,97376,NO,23.5,38.0
M-070,Вытеснение негатива в выдаче (контентный SERM),marketing,SERM,Вытеснение,Ежемесячная,12,30,55,30000,70000,150000,"SERM, SEO, Копирайтер",SEO(33%)+SERM(33%)+CONTENT(33%)+PM_cost(10%),1170,SEO,1432,15439,38597,70761,27000,73500,187500,NO,44.9,47.5
M-071,Подготовка официальных заявок на удаление/оспаривание контента,marketing,SERM,Юр. SERM,Разовая,6,14,30,15000,40000,90000,"SERM, Юрист (клиент/партнёр)",SERM(100%)+PM_cost(10%),1217,SERM,1432,8034,18745,40168,13500,42000,112500,NO,53.1,55.4
M-072,Создание репутационного контента (позитив),marketing,SERM,Контент SERM,Разовая,10,22,40,20000,45000,90000,"SERM, Копирайтер, PR",SERM(50%)+CONTENT(50%)+PM_cost(10%),1146,SERM,1432,12604,27728,50415,18006,47250,112500,NO,38.4,41.3
M-073,Работа с рейтингом на картах (2ГИС/Яндекс),marketing,SERM,Локальная репутация,Ежемесячная,6,15,30,12000,30000,60000,"Local SERM, SMM",SMM(50%)+SERM(50%)+PM_cost(10%),1253,SMM,1516,8269,20673,41346,11813,33344,75175,NO,31.1,38.0
M-074,Аудит email-маркетинга и базы,marketing,Email / CRM-маркетинг,Аудит,Разовая,6,12,24,12000,28000,55000,"Email-маркетолог, CRM-маркетолог",SEO(100%)+PM_cost(15%),1217,SEO,1432,8399,16797,33595,11999,29400,68750,NO,40.0,42.9
M-075,Настройка ESP и базовых шаблонов писем,marketing,Email / CRM-маркетинг,Инфраструктура,Проектная,6,14,28,15000,35000,70000,"Email-маркетолог, Дизайнер (шаблон)",DESIGN(100%)+PM_cost(10%),1432,DESIGN,1685,9453,22057,44113,13504,36750,87500,NO,37.0,40.0
M-076,Сегментация базы и политика коммуникаций,marketing,Email / CRM-маркетинг,Сегментация,Проектная,8,16,30,15000,35000,65000,"CRM-маркетолог, Аналитик",ANALYTICS(100%)+PM_cost(10%),1904,ANALYTICS,2240,16755,33510,62832,23936,54048,114240,NO,4.3,38.0
M-077,Настройка trigger-цепочек (брошенная заявка/корзина и др.),marketing,Email / CRM-маркетинг,Автоматизации,Проектная,12,28,55,25000,55000,110000,"CRM-маркетолог, Копирайтер, Аналитик",ANALYTICS(46%)+CONTENT(54%)+PM_cost(10%),1457,ANALYTICS,2240,19236,44885,88166,27480,72395,160302,NO,18.4,38.0
M-078,Ежемесячные email-рассылки (производство + отправка),marketing,Email / CRM-маркетинг,Рассылки,Ежемесячная,8,18,35,15000,35000,70000,"Email-маркетолог, Дизайнер, Копирайтер",CONTENT(50%)+DESIGN(50%)+PM_cost(10%),1253,CONTENT,1264,11029,24816,48253,15756,40026,87733,NO,29.1,38.0
M-079,Сбор и рост базы подписчиков (лид-магниты),marketing,Email / CRM-маркетинг,Lead gen,Проектная,8,18,35,15000,35000,70000,"CRM-маркетолог, Копирайтер, Дизайнер",CONTENT(50%)+DESIGN(50%)+PM_cost(10%),1253,CONTENT,1264,11029,24816,48253,15756,40026,87733,NO,29.1,38.0
M-080,SMS / мессенджер-рассылки transactional light,marketing,Email / CRM-маркетинг,Мессенджеры,Разовая,5,12,24,10000,25000,50000,CRM-маркетолог,SEO(100%)+PM_cost(15%),1217,SEO,1432,6999,16797,33595,9999,27092,62500,NO,32.8,38.0
M-081,CRM-маркетинг: аудит воронки и статусов сделок,marketing,Email / CRM-маркетинг,CRM-процессы,Разовая,8,18,35,20000,45000,90000,"CRM-маркетолог, Бизнес-аналитик",ANALYTICS(100%)+PM_cost(10%),1904,ANALYTICS,2240,16755,37699,73304,23936,60805,133280,NO,16.2,38.0
M-082,Аудит карточек товара на Wildberries,marketing,Маркетплейсы,Wildberries,Разовая,6,14,28,10000,25000,55000,"MP-менеджер, MP-SEO",SEO(100%)+PM_cost(10%),1217,SEO,1432,8034,18745,37490,11477,30234,68750,NO,25.0,38.0
M-083,Аудит карточек товара на Ozon,marketing,Маркетплейсы,Ozon,Разовая,6,14,28,10000,25000,55000,MP-менеджер,SEO(100%)+PM_cost(15%),1217,SEO,1432,8399,19597,39194,11999,31608,71262,NO,21.6,38.0
M-084,SEO-оптимизация карточки WB/Ozon,marketing,Маркетплейсы,SEO карточек,Разовая,6,14,30,8000,20000,45000,"MP-SEO, Копирайтер",SEO(50%)+CONTENT(50%)+PM_cost(10%),1146,SEO,1432,7562,17645,37811,10803,28460,68747,NO,11.8,38.0
M-085,Подготовка ТЗ на инфографику для карточки МП,marketing,Маркетплейсы,Контент МП,Разовая,2,5,10,3000,8000,15000,"MP-менеджер, Дизайнер (смежно)",DESIGN(100%)+PM_cost(10%),1432,DESIGN,1685,3151,7877,15755,4501,12705,28645,NO,1.5,38.0
M-086,Дизайн инфографики для маркетплейса (пакет слайдов),marketing,Маркетплейсы,Контент МП,Разовая,6,12,24,8000,18000,40000,"Графический дизайнер, MP-менеджер",DESIGN(100%)+PM_cost(10%),1432,DESIGN,1685,9453,18906,37811,13504,30494,68747,YES,-5.0,38.0
M-087,Настройка внутренней рекламы Wildberries,marketing,Маркетплейсы,Реклама МП,Проектная,6,14,28,10000,25000,50000,"MP-реклама, MP-менеджер",SEO(100%)+PM_cost(15%),1217,SEO,1432,8399,19597,39194,11999,31608,71262,NO,21.6,38.0
M-088,Настройка внутренней рекламы Ozon,marketing,Маркетплейсы,Реклама МП,Проектная,6,14,28,10000,25000,50000,MP-реклама,SEO(100%)+PM_cost(15%),1217,SEO,1432,8399,19597,39194,11999,31608,71262,NO,21.6,38.0
M-089,Ведение рекламы на маркетплейсах (ежемесячно),marketing,Маркетплейсы,Реклама МП,Ежемесячная,12,30,60,20000,50000,120000,"MP-реклама, MP-аналитик",ANALYTICS(100%)+PM_cost(10%),1904,ANALYTICS,2240,25133,62832,125664,35904,101342,228480,YES,-25.7,38.0
M-090,Управление отзывами и вопросами на МП,marketing,Маркетплейсы,Репутация МП,Ежемесячная,10,25,50,15000,35000,80000,"MP-менеджер, Community",SEO(100%)+PM_cost(15%),1217,SEO,1432,13998,34994,69989,19997,56442,127253,NO,0.0,38.0
M-091,Аналитика продаж маркетплейсов и юнит-экономика light,marketing,Маркетплейсы,Аналитика МП,Разовая,10,22,45,20000,45000,90000,"MP-аналитик, Категорийный менеджер",ANALYTICS(100%)+PM_cost(10%),1904,ANALYTICS,2240,20944,46077,94248,29920,74318,171360,YES,-2.4,38.0
M-092,Подготовка карточки к запуску (listing pack),marketing,Маркетплейсы,Запуск SKU,Проектная,8,18,35,15000,35000,70000,"MP-менеджер, Копирайтер, Дизайнер (ТЗ)",CONTENT(50%)+DESIGN(50%)+PM_cost(10%),1253,CONTENT,1264,11029,24816,48253,15756,40026,87733,NO,29.1,38.0
M-093,Конкурентный мониторинг цен и позиций на МП,marketing,Маркетплейсы,Мониторинг,Ежемесячная,6,15,30,12000,30000,60000,MP-аналитик,ANALYTICS(100%)+PM_cost(10%),1904,ANALYTICS,2240,12566,31416,62832,17951,50671,114240,YES,-4.7,38.0
M-094,Маркетинговый бренд-аудит (позиционирование),marketing,Брендинг / дизайн-маркетинг,Позиционирование,Проектная,15,35,60,40000,90000,180000,"Бренд-стратег, Маркетолог",BRAND(48%)+STRATEGIST(52%)+PM_cost(10%),2667,BRAND,3400,44012,102694,176047,62874,165635,320085,YES,-14.1,38.0
M-095,Формулирование УТП и платформы сообщений,marketing,Брендинг / дизайн-маркетинг,Месседжинг,Проектная,10,20,40,25000,55000,110000,"Бренд-стратег, Копирайтер",BRAND(29%)+STRATEGIST(31%)+CONTENT(40%)+PM_cost(10%),2030,BRAND,3400,22332,44664,89328,31903,72039,162415,NO,18.8,38.0
M-096,Разработка лендинга: структура и прототип (UX),marketing,Брендинг / дизайн-маркетинг,Landing UX,Проектная,10,22,40,20000,45000,90000,"UX-дизайнер, Маркетолог",DESIGN(100%)+PM_cost(10%),1432,DESIGN,1685,15755,34660,63019,22507,55903,114580,NO,23.0,38.0
M-097,Дизайн маркетингового лендинга (UI),marketing,Брендинг / дизайн-маркетинг,Landing UI,Проектная,16,35,70,30000,70000,150000,"UI-дизайнер, Арт-директор",AD(10%)+PPC(45%)+DESIGN(45%)+PM_cost(10%),1582,AD,3500,27835,60890,121779,39764,98210,221416,NO,13.0,38.0
M-098,Дизайн презентации для продаж / коммерческого предложения,marketing,Брендинг / дизайн-маркетинг,Sales design,Разовая,8,18,35,15000,35000,80000,"Дизайнер презентаций, Копирайтер (опц.)",CONTENT(50%)+DESIGN(50%)+PM_cost(10%),1253,CONTENT,1264,11029,24816,48253,15756,40026,100000,NO,29.1,38.0
M-099,"Комплект маркетинговых шаблонов (банеры, посты, stories)",marketing,Брендинг / дизайн-маркетинг,Шаблоны,Проектная,12,28,55,25000,55000,110000,"Графический дизайнер, Арт-директор",AD(10%)+PPC(45%)+DESIGN(45%)+PM_cost(10%),1582,AD,3500,20876,48712,95684,29823,78568,173971,NO,11.4,38.0
M-100,Адаптация брендбука под digital-каналы,marketing,Брендинг / дизайн-маркетинг,Digital brand,Проектная,10,22,40,25000,55000,100000,"Арт-директор, Бренд-дизайнер",AD(10%)+PPC(45%)+DESIGN(45%)+PM_cost(10%),1582,AD,3500,17397,38273,69588,24853,61731,126524,NO,30.4,38.0
M-101,Дизайн email-шаблона (responsive),marketing,Брендинг / дизайн-маркетинг,Email design,Разовая,6,12,24,10000,25000,50000,"Дизайнер, Email-верстальщик",FE(50%)+DESIGN(50%)+PM_cost(10%),1609,FE,2100,10617,21234,42468,15167,34248,77215,NO,15.1,38.0
M-102,Сценарий короткого маркетингового ролика,marketing,Видео light,Сценарии,Разовая,3,6,12,5000,12000,25000,"Сценарист, Маркетолог",SEO(100%)+PM_cost(15%),1217,SEO,1432,4199,8399,16797,5999,13547,31250,NO,30.0,38.0
M-103,Монтаж короткого ролика из исходников клиента,marketing,Видео light,Монтаж,Разовая,4,8,16,8000,18000,40000,"Монтажёр, Motion (опц.)",PRODUCER(100%)+PM_cost(10%),2082,PRODUCER,2450,9163,18326,36652,13090,29558,66640,NO,-1.8,38.0
M-104,Motion-графика / анимированная explainer light,marketing,Видео light,Motion,Проектная,12,28,55,25000,60000,120000,"Motion-дизайнер, Сценарист",PRODUCER(36%)+DESIGN(64%)+PM_cost(10%),1669,PRODUCER,2450,22027,51396,100957,31467,82897,183558,NO,14.3,38.0
M-105,Пакет субтитров и нарезка вертикальных клипов из длинного видео,marketing,Видео light,Нарезка,Разовая,6,14,28,12000,28000,55000,"Монтажёр, SMM (хуки)",SMM(100%)+PM_cost(10%),1289,SMM,1516,8505,19844,39689,12150,32006,72162,NO,29.1,38.0
M-106,ТЗ и супервайзинг съёмки (без продакшна камеры),marketing,Видео light,Продакшн-менеджмент,Разовая,4,10,20,8000,20000,40000,"Продюсер, Маркетолог",PRODUCER(100%)+PM_cost(10%),2082,PRODUCER,2450,9163,22908,45815,13090,36948,83300,YES,-14.5,38.0
M-107,Видео-креативы для performance (статик→video light пакет),marketing,Видео light,Performance video,Разовая,8,18,35,15000,35000,70000,"Motion, PPC, Дизайнер",PPC(39%)+PRODUCER(22%)+DESIGN(39%)+PM_cost(10%),1577,PPC,1685,13875,31220,60705,19821,50355,110373,NO,10.8,38.0
M-108,Комплексный маркетинг-аудит (все каналы overview),marketing,Стратегия и аудиты,Комплексный аудит,Проектная,20,45,80,50000,120000,250000,"Маркетинг-стратег, Аналитик, Узкие специалисты light",STRATEGIST(48%)+ANALYTICS(52%)+PM_cost(10%),2172,STRATEGIST,2900,47791,107529,191163,68273,173434,347569,NO,10.4,38.0
M-109,Разработка go-to-market стратегии на запуск,marketing,Стратегия и аудиты,GTM,Проектная,15,35,60,40000,90000,180000,"Стратег, Performance lead, Бренд (опц.)",STRATEGIST(100%)+PM_cost(10%),2465,STRATEGIST,2900,40672,94903,162690,58103,153069,295800,YES,-5.4,38.0
M-110,Юнит-экономика маркетинга и модель CAC/LTV,marketing,Стратегия и аудиты,Экономика,Проектная,12,28,50,30000,70000,140000,"Маркетинг-аналитик, Стратег",STRATEGIST(48%)+ANALYTICS(52%)+PM_cost(10%),2172,STRATEGIST,2900,28674,66907,119477,40963,107915,217231,NO,4.4,38.0
M-111,Конкурентный анализ (маркетинг),marketing,Стратегия и аудиты,Research,Проектная,10,22,40,20000,45000,90000,"Стратег, Аналитик, PPC/SEO light",STRATEGIST(22%)+ANALYTICS(24%)+PPC(27%)+SEO(27%)+PM_cost(10%),1707,STRATEGIST,2900,18777,41309,75107,26824,66627,136558,NO,8.2,38.0
M-112,CustDev / интервью с клиентами (маркетинговый пакет),marketing,Стратегия и аудиты,Исследования,Проектная,15,35,60,35000,80000,160000,"Исследователь, Стратег",STRATEGIST(52%)+UX(48%)+PM_cost(10%),2283,STRATEGIST,2900,37667,87890,150669,53810,141758,273944,YES,-9.9,38.0
M-113,Медиастратегия omnichannel на квартал,marketing,Стратегия и аудиты,Медиастратегия,Проектная,12,28,50,35000,80000,160000,"Медиастратег, Performance lead",STRATEGIST(100%)+PM_cost(10%),2465,STRATEGIST,2900,32538,75922,135575,46483,122455,246500,NO,5.1,38.0
M-114,Аудит отдела маркетинга / операционной модели,marketing,Стратегия и аудиты,Операции,Проектная,15,35,60,45000,100000,200000,"Маркетинг-директор (consult), Операционный консультант",BA(44%)+PPC(56%)+PM_cost(10%),1980,BA,3150,32673,76236,130691,46676,122961,250000,NO,23.8,38.0
M-115,Подготовка маркетинговой части коммерческого предложения / тендера,marketing,Стратегия и аудиты,Тендеры,Разовая,8,18,35,15000,40000,80000,"Стратег, Аккаунт, Сметчик",STRATEGIST(100%)+PM_cost(15%),2465,STRATEGIST,2900,22678,51025,99216,32397,82298,180393,YES,-27.6,38.0
M-116,Диагностика воронки лидогенерации (end-to-end),marketing,Стратегия и аудиты,Воронка,Проектная,12,28,50,30000,70000,140000,"Стратег, Аналитик, PPC/SEO light",STRATEGIST(22%)+ANALYTICS(24%)+PPC(27%)+SEO(27%)+PM_cost(10%),1707,STRATEGIST,2900,22532,52575,93883,32189,84798,175000,NO,24.9,38.0
M-117,Стратегия локального маркетинга сети филиалов,marketing,Стратегия и аудиты,Локальный маркетинг,Проектная,15,35,60,40000,90000,180000,"Стратег, Local SEO, Performance",STRATEGIST(44%)+SEO(56%)+PM_cost(10%),1766,STRATEGIST,2900,29143,68000,116571,41633,109677,225000,NO,24.4,38.0
M-118,Пакет гипотез роста и план A/B-экспериментов,marketing,Стратегия и аудиты,Growth,Разовая,8,16,30,20000,45000,90000,"Growth-маркетолог, Аналитик, CRO",ANALYTICS(100%)+PM_cost(10%),1904,ANALYTICS,2240,16755,33510,62832,23936,54048,114240,NO,25.5,38.0
IT-001,CJM: карта пути клиента (базовая),it,Discovery / UX,CJM,Проектная,16,40,80,40000,90000,180000,"UX-исследователь, UX-дизайнер, аналитик (частично)",UX(28%)+ANALYTICS(33%)+DESIGN(39%)+PM_cost(10%),1770,UX,2450,31154,77886,155771,44506,125623,283220,NO,13.5,38.0
IT-002,Глубинные UX-интервью (серия),it,Discovery / UX,Интервью,Проектная,20,48,100,25000,60000,120000,"UX-исследователь, рекрутер (опц.)",UX(100%)+PM_cost(10%),2082,UX,2450,45815,109956,229075,65450,177348,416500,YES,-83.3,38.0
IT-003,Usability-тест прототипа / сайта (модерируемый),it,Discovery / UX,Usability,Разовая,12,28,56,30000,70000,140000,"UX-исследователь, UX-дизайнер",UX(42%)+DESIGN(58%)+PM_cost(10%),1703,UX,2450,22482,52458,104916,32117,84610,190756,NO,25.1,38.0
IT-004,Экспресс UX-аудит сайта (экспертный),it,Discovery / UX,Аудит,Разовая,8,16,32,20000,45000,90000,"UX-дизайнер, UX-исследователь",UX(42%)+DESIGN(58%)+PM_cost(10%),1703,UX,2450,14988,29976,59952,21411,48348,112500,NO,33.4,38.0
IT-005,Персоны / JTBD (базовый набор),it,Discovery / UX,Персоны,Проектная,10,24,48,20000,50000,100000,"UX-исследователь, UX-дизайнер",UX(42%)+DESIGN(58%)+PM_cost(10%),1703,UX,2450,18735,44964,89928,26764,72523,163505,NO,10.1,38.0
IT-006,Tree testing / карточная сортировка IA,it,Discovery / UX,Информационная архитектура,Разовая,12,28,50,25000,55000,110000,UX-исследователь,UX(100%)+PM_cost(10%),2082,UX,2450,27489,64141,114538,39270,103453,208251,YES,-16.6,38.0
IT-007,"Прототип ключевого сценария (Figma, mid-fi)",it,Discovery / UX,Прототипирование,Проектная,16,40,80,35000,80000,160000,UX-дизайнер,DESIGN(100%)+PM_cost(10%),1432,DESIGN,1685,25208,63019,126038,36011,101644,229160,NO,21.2,38.0
IT-008,Конкурентный UX-бенчмарк (5–8 сайтов),it,Discovery / UX,Бенчмарк,Разовая,12,24,48,25000,55000,100000,"UX-дизайнер, UX-исследователь",UX(42%)+DESIGN(58%)+PM_cost(10%),1703,UX,2450,22482,44964,89928,32117,72523,163505,NO,18.2,38.0
IT-009,Вайрфреймы набора страниц (low-fi),it,UI-дизайн,Вайрфреймы,Проектная,12,28,56,20000,50000,100000,UX/UI-дизайнер,DESIGN(100%)+PM_cost(10%),1432,DESIGN,1685,18906,44113,88227,27009,71150,160413,NO,11.8,38.0
IT-010,Дизайн одной посадочной страницы (high-fi),it,UI-дизайн,Дизайн страниц,Разовая,16,40,80,15000,40000,90000,"UI-дизайнер, арт-директор (ревью)",AD(10%)+PPC(45%)+DESIGN(45%)+PM_cost(10%),1582,AD,3500,27835,69588,139176,39764,112239,253047,YES,-74.0,38.0
IT-011,Дизайн внутренней страницы по шаблону,it,UI-дизайн,Дизайн страниц,Разовая,6,14,28,8000,20000,45000,UI-дизайнер,DESIGN(100%)+PM_cost(10%),1432,DESIGN,1685,9453,22057,44113,13504,35576,80205,YES,-10.3,38.0
IT-012,Дизайн UI-набора форм (lead / заявка),it,UI-дизайн,Формы,Разовая,6,14,28,10000,25000,50000,"UI-дизайнер, UX-дизайнер",DESIGN(100%)+PM_cost(10%),1432,DESIGN,1685,9453,22057,44113,13504,35576,80205,NO,11.8,38.0
IT-013,Design tokens / UI-kit light,it,UI-дизайн,Дизайн-система,Проектная,24,56,120,40000,90000,180000,"UI-дизайнер, арт-директор",AD(10%)+PPC(45%)+DESIGN(45%)+PM_cost(10%),1582,AD,3500,41753,97423,208764,59647,157134,379571,YES,-8.2,38.0
IT-014,Редизайн шапки и футера (глобальные),it,UI-дизайн,Глобальные блоки,Разовая,8,20,40,15000,35000,70000,"UI-дизайнер, UX-дизайнер",DESIGN(100%)+PM_cost(10%),1432,DESIGN,1685,12604,31510,63019,18006,50823,114580,NO,10.0,38.0
IT-015,Дизайн модальных окон / toast / алертов,it,UI-дизайн,Микроинтерфейсы,Разовая,4,10,20,8000,18000,35000,UI-дизайнер,DESIGN(100%)+PM_cost(10%),1432,DESIGN,1685,6302,15755,31510,9003,25411,57291,NO,12.5,38.0
IT-016,UI-адаптация макета под мобильный (отдельно),it,UI-дизайн,Адаптив,Разовая,8,20,40,10000,25000,55000,UI-дизайнер,DESIGN(100%)+PM_cost(10%),1432,DESIGN,1685,12604,31510,63019,18006,50823,114580,YES,-26.0,38.0
IT-017,Вёрстка HTML/CSS одной страницы (pixel-perfect light),it,Frontend,HTML/CSS,Разовая,8,20,40,8000,20000,45000,Frontend-верстальщик,FE(100%)+PM_cost(10%),1785,FE,2100,15708,39270,78540,22440,63339,142800,YES,-96.4,38.0
IT-018,React-компонент (переиспользуемый),it,Frontend,React,Разовая,6,16,36,8000,25000,60000,Frontend-разработчик (React),FE(100%)+PM_cost(10%),1785,FE,2100,11781,31416,70686,16830,50671,128520,YES,-25.7,38.0
IT-019,Вёрстка и логика веб-формы (фронт),it,Frontend,Формы,Разовая,6,14,32,10000,28000,60000,Frontend-разработчик,FE(100%)+PM_cost(10%),1785,FE,2100,11781,27489,62832,16830,44337,114240,NO,1.8,38.0
IT-020,"Калькулятор-виджет (фронт, 1 формула)",it,Frontend,Виджеты,Разовая,8,20,45,15000,40000,90000,Frontend-разработчик,FE(100%)+PM_cost(10%),1785,FE,2100,15708,39270,88358,22440,63339,160651,NO,1.8,38.0
IT-021,Адаптивное меню / бургер / мегаменю (фронт),it,Frontend,Навигация,Разовая,6,14,30,8000,22000,50000,Frontend-разработчик,FE(100%)+PM_cost(10%),1785,FE,2100,11781,27489,58905,16830,44337,107100,YES,-24.9,38.0
IT-022,Подключение анимаций / micro-interactions (фронт),it,Frontend,Анимация,Разовая,4,12,28,8000,25000,55000,Frontend-разработчик,FE(100%)+PM_cost(10%),1785,FE,2100,7854,23562,54978,11220,38003,99960,NO,5.8,38.0
IT-023,Интеграция фронта с REST API (1 ресурс),it,Frontend,API-клиент,Разовая,6,16,36,12000,35000,75000,Frontend-разработчик,FE(100%)+PM_cost(10%),1785,FE,2100,11781,31416,70686,16830,50671,128520,NO,10.2,38.0
IT-024,Статический лендинг на Next/Nuxt (SSG light),it,Frontend,SSG/SSR light,Проектная,16,40,80,30000,80000,160000,Frontend-разработчик,FE(100%)+PM_cost(10%),1785,FE,2100,31416,78540,157080,44880,126677,285600,NO,1.8,38.0
IT-025,REST API endpoint (CRUD light одного ресурса),it,Backend,API,Разовая,8,20,45,10000,30000,70000,Backend-разработчик,BE(100%)+PM_cost(10%),1904,BE,2240,16755,41888,94248,23936,67561,171360,YES,-39.6,38.0
IT-026,Модуль авторизации light (email/password или OTP),it,Backend,Auth,Проектная,16,40,80,35000,80000,160000,"Backend-разработчик, DevOps (секреты)",DEVOPS(50%)+BE(50%)+PM_cost(10%),1993,DEVOPS,2450,35081,87703,175406,50116,141456,318920,YES,-9.6,38.0
IT-027,Серверная валидация и антиспам формы,it,Backend,Формы / антиспам,Разовая,4,10,24,8000,20000,45000,Backend-разработчик,BE(100%)+PM_cost(10%),1904,BE,2240,8378,20944,50266,11969,33781,91393,YES,-4.7,38.0
IT-028,Файловое хранилище / загрузка документов (light),it,Backend,Файлы,Разовая,8,18,40,15000,35000,75000,Backend-разработчик,BE(100%)+PM_cost(10%),1904,BE,2240,16755,37699,83776,23936,60805,152320,YES,-7.7,38.0
IT-029,"Фоновая задача / очередь (email, webhook retry)",it,Backend,Очереди,Разовая,8,20,40,15000,40000,80000,"Backend-разработчик, DevOps",DEVOPS(50%)+BE(50%)+PM_cost(10%),1993,DEVOPS,2450,17541,43852,87703,25059,70729,159460,YES,-9.6,38.0
IT-030,Админ-API / простой CRUD-админ light,it,Backend,Админка API,Проектная,16,40,80,30000,75000,150000,Backend-разработчик,BE(100%)+PM_cost(10%),1904,BE,2240,33510,83776,167552,47871,135123,304640,YES,-11.7,38.0
IT-031,Страница на 1С-Битрикс (по шаблону сайта),it,CMS,Bitrix страница,Разовая,6,16,36,8000,25000,55000,Bitrix-разработчик,BITRIX(100%)+PM_cost(10%),1606,BITRIX,1890,10603,28274,63617,15147,45603,115667,YES,-13.1,38.0
IT-032,Форма на 1С-Битрикс (web-форма / результат),it,CMS,Bitrix форма,Разовая,4,12,28,10000,28000,60000,Bitrix-разработчик,BITRIX(100%)+PM_cost(10%),1606,BITRIX,1890,7069,21206,49480,10099,34203,89964,NO,24.3,38.0
IT-033,Страница на WordPress (шаблон / Gutenberg / Elementor),it,CMS,WordPress страница,Разовая,4,12,28,6000,18000,40000,WP-разработчик / контент-верстальщик,FE(50%)+CONTENT(50%)+PM_cost(10%),1430,FE,2100,6291,18872,44035,8987,30439,80064,YES,-4.8,38.0
IT-034,Лендинг / блок на Tilda,it,CMS,Tilda,Разовая,4,12,28,8000,22000,50000,Tilda-специалист / дизайнер-верстальщик,FE(50%)+DESIGN(50%)+PM_cost(10%),1609,FE,2100,7078,21234,49546,10111,34248,90084,NO,3.5,38.0
IT-035,Кастомный Zero Block / HTML-блок Tilda,it,CMS,Tilda кастом,Разовая,4,12,28,10000,30000,65000,"Tilda-специалист, frontend light",FE(100%)+PM_cost(10%),1785,FE,2100,7854,23562,54978,11220,38003,99960,NO,21.5,38.0
IT-036,Миграция/перенос страницы между CMS (light),it,CMS,Миграция light,Разовая,8,20,45,15000,40000,90000,CMS-разработчик,FE(100%)+PM_cost(15%),1785,FE,2100,16422,41055,92374,23460,66218,167953,YES,-2.6,38.0
IT-037,Настройка прав и ролей редакторов CMS,it,CMS,Администрирование,Разовая,3,8,16,5000,15000,30000,CMS-администратор / разработчик,FE(100%)+PM_cost(15%),1785,FE,2100,6158,16422,32844,8797,26487,59716,YES,-9.5,38.0
IT-038,Подключение корпоративной почты / SMTP к CMS-формам,it,CMS,Почта,Разовая,2,6,14,5000,12000,25000,"CMS-разработчик, DevOps light",DEVOPS(100%)+PM_cost(10%),2082,DEVOPS,2450,4582,13745,32071,6546,22169,58311,YES,-14.5,38.0
IT-039,Интеграция формы сайта с amoCRM (сделка/контакт),it,Интеграции,amoCRM,Разовая,8,20,45,15000,40000,90000,"Интегратор CRM, backend light",BE(100%)+PM_cost(10%),1904,BE,2240,16755,41888,94248,23936,67561,171360,YES,-4.7,38.0
IT-040,Интеграция лида с Битрикс24 (лид/сделка),it,Интеграции,Bitrix24,Разовая,8,20,45,15000,40000,90000,Интегратор Битрикс24,FE(100%)+PM_cost(15%),1785,FE,2100,16422,41055,92374,23460,66218,167953,YES,-2.6,38.0
IT-041,Подключение телефонии / коллтрекинга к CRM (light),it,Интеграции,Телефония,Разовая,10,24,50,20000,50000,110000,Интегратор телефонии/CRM,FE(100%)+PM_cost(15%),1785,FE,2100,20528,49266,102637,29326,79461,186613,NO,1.5,38.0
IT-042,Подключение ЮKassa (оплата на сайте),it,Интеграции,Платежи,Проектная,12,28,60,20000,50000,120000,Backend/CMS-разработчик,BE(100%)+PM_cost(10%),1904,BE,2240,25133,58643,125664,35904,94585,228480,YES,-17.3,38.0
IT-043,Лёгкая синхронизация с 1С (обмен каталогом/остатками light),it,Интеграции,1С,Проектная,20,50,120,40000,100000,250000,"1С-интегратор, backend/CMS",BE(100%)+PM_cost(10%),1904,BE,2240,41888,104720,251328,59840,168903,456960,YES,-4.7,38.0
IT-044,Transactional email (заказ / заявка / статус),it,Интеграции,Email,Разовая,6,14,30,10000,28000,60000,Backend/маркетолог-автоматизатор,BE(100%)+PM_cost(10%),1904,BE,2240,12566,29322,62832,17951,47294,114240,YES,-4.7,38.0
IT-045,Входящий / исходящий webhook (1 событие),it,Интеграции,Webhooks,Разовая,4,10,24,8000,22000,50000,Backend-разработчик,BE(100%)+PM_cost(10%),1904,BE,2240,8378,20944,50266,11969,33781,91393,NO,4.8,38.0
IT-046,Интеграция чата / онлайн-консультанта на сайт,it,Интеграции,Чаты,Разовая,2,6,14,5000,15000,35000,Маркетолог-технический / frontend light,FE(100%)+PM_cost(10%),1785,FE,2100,3927,11781,27489,5610,19002,49980,NO,21.5,38.0
IT-047,Интеграция формы Tilda/WP с Google Sheets / таблицей,it,Интеграции,Таблицы,Разовая,2,6,14,5000,12000,30000,Интегратор no-code / разработчик,FE(100%)+PM_cost(15%),1785,FE,2100,4106,12316,28738,5866,19865,52251,YES,-2.6,38.0
IT-048,Двусторонняя синхронизация статусов заказ↔CRM (light),it,Интеграции,CRM sync,Проектная,16,40,80,35000,80000,160000,"Backend, интегратор CRM",BE(100%)+PM_cost(10%),1904,BE,2240,33510,83776,167552,47871,135123,304640,YES,-4.7,38.0
IT-049,Установка и базовая настройка Яндекс Метрики,it,Аналитика,Метрика,Разовая,2,5,12,5000,12000,25000,Аналитик / frontend light,FE(54%)+ANALYTICS(46%)+PM_cost(10%),1840,FE,2100,4048,10120,24287,5783,16323,44158,NO,15.7,38.0
IT-050,Настройка целей Яндекс Метрики (пакет),it,Аналитика,Цели,Разовая,3,8,18,5000,15000,35000,"Аналитик, frontend light",FE(54%)+ANALYTICS(46%)+PM_cost(10%),1840,FE,2100,6072,16191,36430,8674,26115,66236,YES,-7.9,38.0
IT-051,Ecommerce-события Метрики / dataLayer (базовый),it,Аналитика,Ecommerce,Проектная,10,28,60,20000,55000,120000,"Аналитик, frontend/CMS-разработчик",FE(54%)+ANALYTICS(46%)+PM_cost(10%),1840,FE,2100,20239,56670,121435,28913,91403,220791,YES,-3.0,38.0
IT-052,Установка Calltouch / Roistat (базовая),it,Аналитика,Коллтрекинг / сквозная,Разовая,6,16,36,10000,25000,50000,"Аналитик, интегратор",ANALYTICS(100%)+PM_cost(10%),1904,ANALYTICS,2240,12566,33510,75398,17951,54048,137087,YES,-34.0,38.0
IT-053,Настройка GTM-контейнера (базовый каркас),it,Аналитика,GTM,Разовая,4,10,24,8000,20000,45000,Аналитик,ANALYTICS(100%)+PM_cost(10%),1904,ANALYTICS,2240,8378,20944,50266,11969,33781,91393,YES,-4.7,38.0
IT-054,События кликов по телефону / мессенджерам,it,Аналитика,Микроконверсии,Разовая,2,5,12,4000,10000,22000,"Аналитик, frontend light",FE(54%)+ANALYTICS(46%)+PM_cost(10%),1840,FE,2100,4048,10120,24287,5783,16323,44158,NO,-1.2,38.0
IT-055,Дашборд ключевых метрик сайта (DataLens / Sheets),it,Аналитика,Отчётность,Ежемесячная,8,20,40,15000,40000,80000,Аналитик,ANALYTICS(100%)+PM_cost(10%),1904,ANALYTICS,2240,16755,41888,83776,23936,67561,152320,YES,-4.7,38.0
IT-056,Telegram-бот FAQ (дерево ответов),it,Боты,Telegram FAQ,Проектная,16,40,90,25000,60000,150000,Разработчик ботов / no-code автоматизатор,FE(100%)+PM_cost(15%),1785,FE,2100,32844,82110,184748,46920,132435,335905,YES,-36.9,38.0
IT-057,Telegram лид-бот (квалификация + заявка),it,Боты,Telegram лиды,Проектная,16,40,85,30000,70000,160000,"Разработчик ботов, интегратор",FE(100%)+PM_cost(15%),1785,FE,2100,32844,82110,174484,46920,132435,317244,YES,-17.3,38.0
IT-058,WhatsApp / Max уведомления по шаблону (light),it,Боты,Мессенджер-уведомления,Разовая,8,20,45,20000,50000,110000,"Интегратор, backend light",BE(100%)+PM_cost(10%),1904,BE,2240,16755,41888,94248,23936,67561,171360,NO,16.2,38.0
IT-059,Виджет Telegram/WhatsApp-кнопки на сайт + UTM,it,Боты,Вход в мессенджер,Разовая,2,5,12,4000,10000,22000,"Frontend light, аналитик",FE(54%)+ANALYTICS(46%)+PM_cost(10%),1840,FE,2100,4048,10120,24287,5783,16323,44158,NO,-1.2,38.0
IT-060,Шаблон карточки товара (дизайн + вёрстка light),it,E-commerce,Карточка товара,Проектная,12,32,70,25000,60000,130000,"UI-дизайнер, frontend/CMS",FE(50%)+DESIGN(50%)+PM_cost(10%),1609,FE,2100,21234,56624,123864,30334,91329,225207,NO,5.6,38.0
IT-061,Корзина (базовый функционал),it,E-commerce,Корзина,Проектная,16,40,90,35000,80000,180000,"Backend, frontend",FE(50%)+BE(50%)+PM_cost(10%),1844,FE,2100,32463,81158,182606,46376,130900,332011,NO,-1.4,38.0
IT-062,Фильтры каталога (faceted light),it,E-commerce,Фильтры,Проектная,16,40,90,30000,75000,160000,"Backend, frontend, UX",FE(50%)+BE(50%)+PM_cost(10%),1844,FE,2100,32463,81158,182606,46376,130900,332011,YES,-8.2,38.0
IT-063,"Оформление заказа (checkout light, без оплаты)",it,E-commerce,Checkout,Проектная,16,40,85,30000,70000,150000,"Backend, frontend, UX",FE(50%)+BE(50%)+PM_cost(10%),1844,FE,2100,32463,81158,172461,46376,130900,313565,YES,-15.9,38.0
IT-064,Промокод / скидка (базовый движок),it,E-commerce,Промо,Разовая,8,20,45,15000,40000,90000,"Backend, frontend",FE(50%)+BE(50%)+PM_cost(10%),1844,FE,2100,16232,40579,91303,23189,65450,166005,NO,-1.4,38.0
IT-065,Импорт прайса / каталога из файла (CSV/XLSX),it,E-commerce,Импорт,Разовая,8,24,55,15000,45000,100000,Backend/CMS-разработчик,BE(100%)+PM_cost(10%),1904,BE,2240,16755,50266,115192,23936,81074,209440,YES,-11.7,38.0
IT-066,Поднять staging-окружение,it,DevOps,Окружения,Разовая,8,20,45,20000,50000,100000,"DevOps, backend",DEVOPS(50%)+BE(50%)+PM_cost(10%),1993,DEVOPS,2450,17541,43852,98666,25059,70729,179393,NO,12.3,38.0
IT-067,CI basic (lint/test/build + деплой на staging),it,DevOps,CI/CD,Разовая,8,20,40,20000,50000,100000,DevOps,DEVOPS(100%)+PM_cost(10%),2082,DEVOPS,2450,18326,45815,91630,26180,73895,166600,NO,8.4,38.0
IT-068,SSL-сертификат и HTTPS (выпуск + редирект),it,DevOps,SSL,Разовая,1,3,8,3000,8000,20000,DevOps / системный администратор,DEVOPS(100%)+PM_cost(10%),2082,DEVOPS,2450,2291,6872,18326,3273,11084,33320,NO,14.1,38.0
IT-069,Резервное копирование сайта и БД (настройка),it,DevOps,Backup,Разовая,4,10,24,10000,25000,55000,DevOps,DEVOPS(100%)+PM_cost(10%),2082,DEVOPS,2450,9163,22908,54978,13090,36948,99960,NO,8.4,38.0
IT-070,Мониторинг uptime + базовые алерты,it,DevOps,Мониторинг,Ежемесячная,2,6,14,5000,15000,35000,DevOps,DEVOPS(100%)+PM_cost(10%),2082,DEVOPS,2450,4582,13745,32071,6546,22169,58311,NO,8.4,38.0
IT-071,Базовая настройка веб-сервера / Nginx для сайта,it,DevOps,Веб-сервер,Разовая,4,10,24,10000,25000,55000,DevOps,DEVOPS(100%)+PM_cost(10%),2082,DEVOPS,2450,9163,22908,54978,13090,36948,99960,NO,8.4,38.0
IT-072,Чеклист-тест релиза (ручной),it,QA,Чеклист,Разовая,6,14,30,10000,25000,50000,QA-инженер,QA(100%)+PM_cost(10%),1309,QA,1540,8639,20159,43197,12341,32515,78540,NO,19.4,38.0
IT-073,Регрессионный smoke после изменений,it,QA,Регрессия,Разовая,3,8,16,5000,15000,30000,QA-инженер,QA(100%)+PM_cost(10%),1309,QA,1540,4320,11519,23038,6171,18579,41887,NO,23.2,38.0
IT-074,Кроссбраузер / кроссдевайс тест (пакет),it,QA,Совместимость,Разовая,6,14,28,10000,25000,55000,QA-инженер,QA(100%)+PM_cost(10%),1309,QA,1540,8639,20159,40317,12341,32515,73304,NO,19.4,38.0
IT-075,Тест платёжного сценария (песочница),it,QA,Платежи,Разовая,4,10,20,8000,20000,40000,"QA, backend",BE(58%)+QA(42%)+PM_cost(10%),1656,BE,2240,7287,18217,36434,10410,29382,66244,NO,8.9,38.0
IT-076,Контентное обновление страницы (текст/фото),it,Поддержка,Контент,Разовая,1,3,8,2000,6000,15000,Контент-менеджер / CMS-редактор,CONTENT(100%)+PM_cost(10%),1074,CONTENT,1264,1182,3546,9455,1800,6300,18750,NO,40.9,43.7
IT-077,Багфикс фронта/CMS (1 инцидент),it,Поддержка,Багфикс,Разовая,1,4,12,3000,12000,35000,Frontend/CMS/backend по типу бага,FE(50%)+BE(50%)+PM_cost(10%),1844,FE,2100,2029,8116,24347,2899,13090,44267,NO,32.4,38.0
IT-078,Оптимизация скорости одной страницы,it,Поддержка,Performance,Разовая,4,12,28,10000,30000,70000,"Frontend, DevOps light",DEVOPS(50%)+FE(50%)+PM_cost(10%),1934,DEVOPS,2450,8508,25526,59560,12154,41171,108291,NO,14.9,38.0
IT-079,Абонентская техническая поддержка сайта (пакет часов),it,Поддержка,Абонентка,Ежемесячная,5,12,40,15000,40000,100000,"CMS/frontend, PM",FE(100%)+PM_cost(15%),1785,FE,2100,10264,24633,82110,14663,42000,149291,NO,38.4,41.3
IT-080,Обновление CMS/плагинов (плановое),it,Поддержка,Обновления,Разовая,3,8,20,8000,20000,50000,CMS-разработчик,FE(100%)+PM_cost(15%),1785,FE,2100,6158,16422,41055,8797,26487,74645,NO,17.9,38.0
IT-081,Исправление битых ссылок / редиректы (пакет),it,Поддержка,Ссылки,Разовая,3,8,20,5000,15000,40000,SEO-tech / CMS-разработчик,SEO(100%)+PM_cost(10%),1217,SEO,1432,4017,10711,26778,5739,17276,50000,NO,28.6,38.0
IT-082,Адаптивные правки mobile (пакет багов),it,Mobile light,Адаптив,Разовая,4,12,28,8000,25000,55000,Frontend-верстальщик,FE(100%)+PM_cost(10%),1785,FE,2100,7854,23562,54978,11220,38003,99960,NO,5.8,38.0
IT-083,PWA basic (manifest + service worker light),it,Mobile light,PWA,Проектная,8,20,45,20000,50000,100000,Frontend-разработчик,FE(100%)+PM_cost(10%),1785,FE,2100,15708,39270,88358,22440,63339,160651,NO,21.5,38.0
IT-084,Touch-оптимизация форм и CTA на mobile,it,Mobile light,Touch UX,Разовая,4,10,22,8000,20000,45000,"Frontend, UX",FE(100%)+PM_cost(10%),1785,FE,2100,7854,19635,43197,11220,31669,78540,NO,1.8,38.0
IT-085,AMP / быстрая мобильная страница (если применимо) или mobile landing light,it,Mobile light,Mobile landing,Разовая,6,14,30,10000,30000,65000,Frontend / Tilda-специалист,FE(100%)+PM_cost(10%),1785,FE,2100,11781,27489,58905,16830,44337,107100,NO,8.4,38.0
IT-086,Базовый security-аудит сайта (light),it,Безопасность / ПДн,Аудит,Разовая,8,20,45,25000,60000,150000,Security-инженер light / DevOps senior,DEVOPS(100%)+PM_cost(10%),2082,DEVOPS,2450,18326,45815,103084,26180,73895,187500,NO,23.6,38.0
IT-087,Форма согласия на обработку ПДн (152-ФЗ) на сайте,it,Безопасность / ПДн,Согласия,Разовая,3,8,16,5000,15000,35000,"Frontend/CMS, юрист-консультант (опц.)",BA(44%)+FE(56%)+PM_cost(10%),2178,BA,3150,7186,19164,38328,10266,30910,69687,YES,-27.8,38.0
IT-088,Страница политики ПДн / cookies (публикация),it,Безопасность / ПДн,Документы,Разовая,2,6,14,4000,12000,25000,"Контент/CMS, юрист (опц.)",CONTENT(100%)+PM_cost(10%),1074,CONTENT,1264,2364,7091,16546,3600,12600,31250,NO,40.9,43.7
IT-089,Cookie-баннер / управление согласиями (light),it,Безопасность / ПДн,Cookies,Разовая,4,10,24,8000,22000,50000,"Frontend, аналитик",FE(54%)+ANALYTICS(46%)+PM_cost(10%),1840,FE,2100,8096,20239,48574,11566,32644,88316,NO,8.0,38.0
IT-090,Усиление базовой защиты CMS (hardening light),it,Безопасность / ПДн,Hardening,Разовая,4,12,28,10000,30000,70000,"CMS-разработчик, DevOps",DEVOPS(100%)+PM_cost(10%),2082,DEVOPS,2450,9163,27489,64141,13090,44337,116620,NO,8.4,38.0
C-001,Экспресс-диагностика бизнеса,consulting,Диагностика бизнеса,Экспресс-аудит,Разовая,12,24,40,35000,80000,150000,"Бизнес-консультант, аналитик (частично)",BA(48%)+ANALYTICS(52%)+PM_cost(10%),2274,BA,3150,30016,60032,100053,42880,96826,187500,NO,25.0,38.0
C-002,Полный бизнес-аудит,consulting,Диагностика бизнеса,Комплексный аудит,Проектная,60,120,240,150000,350000,800000,"Партнёр-консультант, бизнес-аналитик, финансовый консультант",BA(48%)+ANALYTICS(52%)+PM_cost(10%),2274,BA,3150,150080,300159,600319,214400,484127,1091489,NO,14.2,38.0
C-003,Аудит бизнес-процессов,consulting,Диагностика бизнеса,Процессы,Проектная,40,80,160,80000,180000,350000,"Бизнес-аналитик, процессный консультант",BA(48%)+ANALYTICS(52%)+PM_cost(10%),2274,BA,3150,100053,200106,400213,142933,322752,727660,YES,-11.2,38.0
C-004,Диагностика оргструктуры,consulting,Диагностика бизнеса,Оргструктура,Проектная,32,64,120,70000,160000,300000,"Оргконсультант, HR-консультант (частично)",BA(100%)+PM_cost(10%),2678,BA,3150,94248,188496,353430,134640,304026,642600,YES,-17.8,38.0
C-005,Аудит клиентского опыта (CX),consulting,Диагностика бизнеса,Customer Experience,Проектная,40,80,140,90000,200000,400000,"CX-консультант, UX-исследователь (частично)",BA(52%)+UX(48%)+PM_cost(10%),2394,BA,3150,105343,210687,368702,150490,339818,670367,YES,-5.3,38.0
C-006,Диагностика воронки продаж,consulting,Диагностика бизнеса,Продажи / воронка,Разовая,16,32,56,45000,100000,200000,"Консультант по продажам, аналитик CRM",BA(48%)+ANALYTICS(52%)+PM_cost(10%),2274,BA,3150,40021,80043,140074,57173,129102,254680,NO,20.0,38.0
C-007,Аудит операционной эффективности,consulting,Диагностика бизнеса,Операции,Проектная,48,96,180,100000,220000,450000,"Операционный консультант, аналитик",BA(48%)+ANALYTICS(52%)+PM_cost(10%),2274,BA,3150,120064,240128,450239,171520,387303,818616,YES,-9.1,38.0
C-008,Диагностика зрелости управления,consulting,Диагностика бизнеса,Управленческая зрелость,Разовая,20,40,72,60000,130000,250000,"Партнёр-консультант, оргконсультант",BA(100%)+PM_cost(10%),2678,BA,3150,58905,117810,212058,84150,190016,385560,NO,9.4,38.0
C-009,Анализ рынка и ёмкости (TAM/SAM/SOM),consulting,Исследования и конкуренты,Рыночный анализ,Проектная,40,80,160,80000,180000,400000,"Маркетинговый исследователь, стратег",STRATEGIST(52%)+UX(48%)+PM_cost(10%),2283,STRATEGIST,2900,100446,200891,401783,143494,324018,730515,YES,-11.6,38.0
C-010,Конкурентный анализ (benchmark),consulting,Исследования и конкуренты,Конкуренты,Проектная,32,64,120,70000,150000,300000,"Стратег, маркетинговый аналитик",STRATEGIST(48%)+ANALYTICS(52%)+PM_cost(10%),2172,STRATEGIST,2900,76465,152930,286744,109236,246661,521353,NO,-2.0,38.0
C-011,Mystery shopping конкурентов,consulting,Исследования и конкуренты,Mystery shopping,Проектная,24,48,96,50000,120000,250000,"Исследователь, тайный покупатель(и), аналитик",UX(45%)+ANALYTICS(55%)+PM_cost(10%),1985,UX,2450,52408,104815,209630,74869,169056,381145,NO,12.7,38.0
C-012,Кабинетное исследование ниши,consulting,Исследования и конкуренты,Desk research,Разовая,16,32,56,40000,90000,180000,Маркетинговый исследователь,UX(100%)+PM_cost(10%),2082,UX,2450,36652,73304,128282,52360,118232,233240,NO,18.6,38.0
C-013,CustDev / глубинные интервью клиентов,consulting,Исследования и конкуренты,CustDev,Проектная,40,80,140,80000,180000,350000,"CustDev-исследователь, стратег (синтез)",STRATEGIST(52%)+UX(48%)+PM_cost(10%),2283,STRATEGIST,2900,100446,200891,351560,143494,324018,639200,YES,-11.6,38.0
C-014,Анализ ценовых стратегий конкурентов,consulting,Исследования и конкуренты,Ценообразование,Разовая,20,40,72,50000,110000,220000,"Стратег, ценовой аналитик",STRATEGIST(48%)+ANALYTICS(52%)+PM_cost(10%),2172,STRATEGIST,2900,47791,95581,172047,68273,154163,312813,NO,13.1,38.0
C-015,Карта конкурентного поля (positioning map),consulting,Исследования и конкуренты,Позиционирование рынка,Разовая,16,32,56,45000,100000,200000,"Бренд-стратег, исследователь",BRAND(32%)+STRATEGIST(35%)+UX(32%)+PM_cost(10%),2479,BRAND,3400,43625,87251,152689,62321,140727,277616,NO,12.7,38.0
C-016,Трендвотчинг и отраслевой обзор,consulting,Исследования и конкуренты,Тренды,Разовая,24,48,80,60000,130000,250000,"Стратег, отраслевой аналитик",STRATEGIST(48%)+ANALYTICS(52%)+PM_cost(10%),2172,STRATEGIST,2900,57349,114698,191163,81927,184997,347569,NO,11.8,38.0
C-017,Разработка позиционирования,consulting,Позиционирование и бренд-стратегия,Позиционирование,Проектная,40,80,140,150000,300000,550000,"Бренд-стратег, копирайтер-стратег",BRAND(29%)+STRATEGIST(31%)+CONTENT(40%)+PM_cost(10%),2030,BRAND,3400,89328,178657,312649,135000,315000,687500,NO,40.4,43.3
C-018,Value Proposition Canvas,consulting,Позиционирование и бренд-стратегия,Ценностное предложение,Разовая,12,24,40,40000,90000,180000,"Бренд-стратег / продукт-стратег, фасилитатор",BRAND(48%)+STRATEGIST(52%)+PM_cost(10%),2667,BRAND,3400,35209,70419,117365,50299,113579,225000,NO,21.8,38.0
C-019,Бренд-платформа,consulting,Позиционирование и бренд-стратегия,Бренд-платформа,Проектная,48,96,160,180000,350000,650000,"Бренд-стратег, копирайтер",BRAND(29%)+STRATEGIST(31%)+CONTENT(40%)+PM_cost(10%),2030,BRAND,3400,107194,214388,357313,162000,367500,812500,NO,38.7,41.7
C-020,Сегментация и портреты ЦА,consulting,Позиционирование и бренд-стратегия,Сегментация,Проектная,32,64,120,90000,200000,400000,"Стратег, исследователь, аналитик CRM",STRATEGIST(33%)+UX(30%)+ANALYTICS(36%)+PM_cost(10%),2145,STRATEGIST,2900,75507,151014,283152,107867,243571,514822,NO,24.5,38.0
C-021,Нейминг-стратегия и генерация названий,consulting,Позиционирование и бренд-стратегия,Нейминг,Проектная,30,60,100,80000,180000,350000,"Неймер, бренд-стратег",BRAND(48%)+STRATEGIST(52%)+PM_cost(10%),2667,BRAND,3400,88024,176047,293412,125749,283947,533476,NO,2.2,38.0
C-022,Бренд-архитектура портфеля,consulting,Позиционирование и бренд-стратегия,Бренд-архитектура,Проектная,40,80,140,150000,320000,600000,"Бренд-стратег, портфельный консультант",BRAND(31%)+STRATEGIST(34%)+BA(34%)+PM_cost(10%),2671,BRAND,3400,117518,235036,411312,167883,379090,750000,NO,26.6,38.0
C-023,Репозиционирование бренда,consulting,Позиционирование и бренд-стратегия,Репозиционирование,Проектная,50,100,180,200000,400000,750000,"Бренд-стратег, исследователь",BRAND(32%)+STRATEGIST(35%)+UX(32%)+PM_cost(10%),2479,BRAND,3400,136329,272658,490785,194756,439771,937500,NO,31.8,38.0
C-024,Коммуникационная платформа бренда,consulting,Позиционирование и бренд-стратегия,Коммуникации,Проектная,36,72,120,120000,250000,450000,"Бренд-стратег, коммуникационный стратег, копирайтер",BRAND(29%)+STRATEGIST(31%)+CONTENT(40%)+PM_cost(10%),2030,BRAND,3400,80395,160791,267985,114850,262500,562500,NO,35.7,38.7
C-025,Маркетинговая стратегия на год,consulting,Маркетинговая стратегия,Годовая стратегия,Проектная,60,120,220,200000,400000,800000,"Маркетинг-стратег, аналитик",STRATEGIST(48%)+ANALYTICS(52%)+PM_cost(10%),2172,STRATEGIST,2900,143372,286744,525698,204817,462490,1000000,NO,28.3,38.0
C-026,Go-to-market стратегия,consulting,Маркетинговая стратегия,GTM,Проектная,48,96,160,180000,350000,700000,"GTM-стратег, продукт-маркетолог",STRATEGIST(100%)+PM_cost(10%),2465,STRATEGIST,2900,130152,260304,433840,185931,419845,875000,NO,25.6,38.0
C-027,Стратегия каналов привлечения,consulting,Маркетинговая стратегия,Каналы,Проектная,36,72,120,120000,250000,450000,"Маркетинг-стратег, performance-аналитик",STRATEGIST(48%)+ANALYTICS(52%)+PM_cost(10%),2172,STRATEGIST,2900,86023,172047,286744,122890,277495,562500,NO,31.2,38.0
C-028,Контент-стратегия,consulting,Маркетинговая стратегия,Контент,Проектная,32,64,110,100000,220000,400000,"Контент-стратег, редактор",STRATEGIST(44%)+CONTENT(56%)+PM_cost(10%),1686,STRATEGIST,2900,59356,118713,204038,90000,231000,500000,NO,46.0,48.6
C-029,Стратегия запуска продукта,consulting,Маркетинговая стратегия,Launch,Проектная,40,80,140,150000,300000,550000,"Product marketing менеджер/консультант, маркетинг-стратег",STRATEGIST(50%)+BA(50%)+PM_cost(10%),2571,STRATEGIST,2900,113135,226270,395973,161621,364952,719951,NO,24.6,38.0
C-030,Стратегия удержания и LTV,consulting,Маркетинговая стратегия,Retention / LTV,Проектная,40,80,140,120000,260000,480000,"CRM/retention-стратег, аналитик",STRATEGIST(48%)+ANALYTICS(52%)+PM_cost(10%),2172,STRATEGIST,2900,95581,191163,334535,136544,308327,608245,NO,26.5,38.0
C-031,Медиастратегия (media mix),consulting,Маркетинговая стратегия,Медиа,Проектная,28,56,100,100000,220000,400000,"Медиастратег, performance-стратег",STRATEGIST(100%)+PM_cost(10%),2465,STRATEGIST,2900,75922,151844,271150,108460,244910,500000,NO,31.0,38.0
C-032,Стратегия роста (growth strategy),consulting,Маркетинговая стратегия,Growth,Проектная,50,100,180,180000,380000,700000,"Growth-стратег, аналитик",STRATEGIST(48%)+ANALYTICS(52%)+PM_cost(10%),2172,STRATEGIST,2900,119477,238953,430116,170681,399000,875000,NO,37.1,40.1
C-033,Модель юнит-экономики,consulting,Юнит-экономика и финансы,Unit-экономика,Проектная,24,48,96,50000,120000,250000,"Финансовый моделист, бизнес-аналитик",ANALYTICS(100%)+PM_cost(10%),1904,ANALYTICS,2240,50266,100531,201062,71809,162147,365567,NO,16.2,38.0
C-034,Финансовая модель P&L,consulting,Юнит-экономика и финансы,Финмодель,Проектная,32,64,120,80000,160000,300000,"Финансовый консультант, моделист",BA(100%)+PM_cost(10%),2678,BA,3150,94248,188496,353430,134640,304026,642600,YES,-17.8,38.0
C-035,Юнит-экономика каналов привлечения,consulting,Юнит-экономика и финансы,Канальный CAC,Разовая,16,32,56,45000,100000,200000,"Маркетинг-аналитик, финансовый аналитик",ANALYTICS(100%)+PM_cost(10%),1904,ANALYTICS,2240,33510,67021,117286,47871,108098,250000,NO,33.0,38.0
C-036,Ценообразование и тарифная сетка,consulting,Юнит-экономика и финансы,Pricing,Проектная,28,56,100,70000,150000,280000,"Pricing-консультант, финансовый аналитик, стратег",STRATEGIST(32%)+BA(32%)+ANALYTICS(35%)+PM_cost(10%),2336,STRATEGIST,2900,71941,143882,256933,102773,232068,467151,NO,4.1,38.0
C-037,Анализ маржинальности продуктов,consulting,Юнит-экономика и финансы,Маржинальность,Разовая,20,40,80,50000,110000,220000,"Финансовый аналитик, категорийный консультант",BA(48%)+ANALYTICS(52%)+PM_cost(10%),2274,BA,3150,50027,100053,200106,71467,161376,363829,NO,9.0,38.0
C-038,Сценарное моделирование cash flow,consulting,Юнит-экономика и финансы,Денежный поток,Проектная,24,48,90,60000,140000,250000,"Финансовый консультант, моделист",BA(100%)+PM_cost(10%),2678,BA,3150,70686,141372,265072,100980,228019,481949,NO,-1.0,38.0
C-039,Аудит отдела продаж,consulting,Продажи и CRM-процессы,Аудит продаж,Проектная,32,64,120,80000,180000,350000,"Консультант по продажам, РОП-практик",BA(100%)+PM_cost(10%),2678,BA,3150,94248,188496,353430,134640,304026,642600,YES,-4.7,38.0
C-040,Построение воронки продаж,consulting,Продажи и CRM-процессы,Воронка,Проектная,24,48,80,60000,140000,250000,"Консультант по продажам, CRM-аналитик",BA(48%)+ANALYTICS(52%)+PM_cost(10%),2274,BA,3150,60032,120064,200106,85760,193652,363829,NO,14.2,38.0
C-041,Проектирование CRM-процессов,consulting,Продажи и CRM-процессы,CRM-процессы,Проектная,32,64,120,70000,160000,300000,"CRM-консультант, бизнес-аналитик",BA(48%)+ANALYTICS(52%)+PM_cost(10%),2274,BA,3150,80043,160085,300159,114347,258202,545744,NO,-0.1,38.0
C-042,Скрипты и playbooks продаж,consulting,Продажи и CRM-процессы,Playbooks,Проектная,28,56,100,60000,140000,280000,"Тренер продаж / консультант, копирайтер-скриптов",BA(44%)+CONTENT(56%)+PM_cost(10%),1780,BA,3150,54817,109633,195774,78310,176827,355953,NO,21.7,38.0
C-043,KPI и мотивация продавцов,consulting,Продажи и CRM-процессы,Мотивация,Проектная,24,48,80,70000,150000,280000,"Консультант по продажам, компенсационный консультант",BA(100%)+PM_cost(10%),2678,BA,3150,70686,141372,235620,100980,228019,428400,NO,5.8,38.0
C-044,Внедрение CRM-регламентов,consulting,Продажи и CRM-процессы,Регламенты CRM,Ежемесячная,12,24,40,40000,90000,180000,CRM-консультант / sales operations,BA(100%)+PM_cost(10%),2678,BA,3150,35343,70686,117810,50490,114010,225000,NO,21.5,38.0
C-045,Аудит качества сделок (deal review),consulting,Продажи и CRM-процессы,Deal review,Разовая,16,32,56,45000,100000,200000,Консультант по продажам,BA(100%)+PM_cost(10%),2678,BA,3150,47124,94248,164934,67320,152013,299880,NO,5.8,38.0
C-046,B2B sales enablement,consulting,Продажи и CRM-процессы,Sales enablement,Проектная,40,80,140,100000,220000,400000,"Sales enablement консультант, продукт-маркетолог, копирайтер",BA(44%)+CONTENT(56%)+PM_cost(10%),1780,BA,3150,78310,156619,274084,111871,252611,500000,NO,28.8,38.0
C-047,Внедрение OKR,consulting,Организационное развитие / OKR,OKR,Проектная,40,80,140,120000,250000,450000,"OKR-коуч / оргконсультант, фасилитатор",BA(100%)+PM_cost(10%),2678,BA,3150,117810,235620,412335,168300,380032,749700,NO,5.8,38.0
C-048,Стратегическая сессия,consulting,Организационное развитие / OKR,Стратессия / сессия,Разовая,16,32,56,80000,180000,350000,"Фасилитатор, стратег",STRATEGIST(100%)+PM_cost(10%),2465,STRATEGIST,2900,43384,86768,151844,72000,189000,437500,NO,51.8,54.1
C-049,Проектирование оргструктуры,consulting,Организационное развитие / OKR,Оргдизайн,Проектная,40,80,140,120000,260000,500000,"Оргдизайнер / HR-консультант, партнёр",BA(44%)+DESIGN(56%)+PM_cost(10%),1980,BA,3150,87127,174254,304945,124467,281055,625000,NO,33.0,38.0
C-050,Система KPI менеджмента,consulting,Организационное развитие / OKR,KPI,Проектная,36,72,120,100000,220000,400000,"Оргконсультант, бизнес-аналитик",BA(48%)+ANALYTICS(52%)+PM_cost(10%),2274,BA,3150,90048,180096,300159,128640,290477,545744,NO,18.1,38.0
C-051,Change management сопровождение,consulting,Организационное развитие / OKR,Change management,Ежемесячная,20,40,70,90000,180000,350000,Change-менеджер / оргконсультант,BA(100%)+PM_cost(10%),2678,BA,3150,58905,117810,206168,84150,190016,437500,NO,34.5,38.0
C-052,Операционная модель (RACI и процессы управления),consulting,Организационное развитие / OKR,Operating model,Проектная,40,80,140,130000,280000,500000,"Оргконсультант, процессный консультант",BA(100%)+PM_cost(10%),2678,BA,3150,117810,235620,412335,168300,380032,749700,NO,15.8,38.0
C-053,Оценка digital-зрелости,consulting,Digital maturity / продуктовый консалтинг,Digital maturity,Разовая,24,48,80,70000,150000,280000,"Digital-консультант, бизнес-аналитик",BA(48%)+ANALYTICS(52%)+PM_cost(10%),2274,BA,3150,60032,120064,200106,85760,193652,363829,NO,20.0,38.0
C-054,Фасилитация product discovery,consulting,Digital maturity / продуктовый консалтинг,Product discovery,Проектная,40,80,140,120000,250000,450000,"Product-консультант, фасилитатор, UX-исследователь (частично)",BA(52%)+UX(48%)+PM_cost(10%),2394,BA,3150,105343,210687,368702,150490,339818,670367,NO,15.7,38.0
C-055,Аудит продуктовой воронки,consulting,Digital maturity / продуктовый консалтинг,Product funnel,Разовая,20,40,72,60000,130000,250000,Product-аналитик / product-консультант,BA(48%)+ANALYTICS(52%)+PM_cost(10%),2274,BA,3150,50027,100053,180096,71467,161376,327447,NO,23.0,38.0
C-056,Roadmap продукта,consulting,Digital maturity / продуктовый консалтинг,Roadmap,Проектная,28,56,100,90000,200000,380000,"Product-консультант, фасилитатор",BA(100%)+PM_cost(10%),2678,BA,3150,82467,164934,294525,117810,266023,535500,NO,17.5,38.0
C-057,Jobs-to-be-done исследование,consulting,Digital maturity / продуктовый консалтинг,JTBD,Проектная,40,80,130,100000,220000,400000,"JTBD-исследователь, product-стратег",STRATEGIST(52%)+UX(48%)+PM_cost(10%),2283,STRATEGIST,2900,100446,200891,326449,143494,324018,593544,NO,8.7,38.0
C-058,Аудит продуктовой аналитики,consulting,Digital maturity / продуктовый консалтинг,Product analytics,Разовая,20,40,80,55000,120000,220000,"Product-аналитик, аналитик данных",ANALYTICS(100%)+PM_cost(10%),1904,ANALYTICS,2240,41888,83776,167552,59840,135123,304640,NO,30.2,38.0
C-059,MVP scoping / определение скоупа продукта,consulting,Digital maturity / продуктовый консалтинг,MVP scope,Проектная,24,48,90,80000,170000,320000,"Product-консультант, бизнес-аналитик",BA(48%)+ANALYTICS(52%)+PM_cost(10%),2274,BA,3150,60032,120064,225120,85760,193652,409309,NO,29.4,38.0
C-060,Воркшоп по стратегии,consulting,Обучение и фасилитация,Воркшопы,Разовая,10,18,32,40000,90000,180000,Фасилитатор-стратег,STRATEGIST(100%)+PM_cost(10%),2465,STRATEGIST,2900,27115,48807,86768,38736,94500,225000,NO,45.8,48.4
C-061,Тренинг отдела продаж,consulting,Обучение и фасилитация,Тренинги продаж,Разовая,12,24,40,50000,120000,250000,Тренер продаж,BA(100%)+PM_cost(15%),2678,BA,3150,36950,73899,123165,52786,126000,312500,NO,38.4,41.3
C-062,Фасилитация стратегической сессии (расширенная),consulting,Обучение и фасилитация,Фасилитация,Разовая,20,40,70,100000,220000,350000,"Старший фасилитатор, стратег (поддержка)",STRATEGIST(100%)+PM_cost(10%),2465,STRATEGIST,2900,54230,108460,189805,90000,231000,437500,NO,50.7,53.0
C-063,Обучение маркетинговой команды,consulting,Обучение и фасилитация,Обучение маркетингу,Разовая,12,24,40,40000,100000,200000,Маркетинг-тренер / практикующий стратег,STRATEGIST(100%)+PM_cost(10%),2465,STRATEGIST,2900,32538,65076,108460,46483,105000,250000,NO,34.9,38.0
C-064,Тренинг по OKR и KPI,consulting,Обучение и фасилитация,OKR/KPI обучение,Разовая,8,16,28,40000,80000,150000,OKR-тренер / оргконсультант,BA(100%)+PM_cost(10%),2678,BA,3150,23562,47124,82467,36000,84000,187500,NO,41.1,43.9
C-065,Фасилитация team alignment,consulting,Обучение и фасилитация,Team alignment,Разовая,10,20,36,45000,100000,200000,"Фасилитатор, оргконсультант (при высоком конфликте)",BA(100%)+PM_cost(10%),2678,BA,3150,29453,58905,106029,42076,105000,250000,NO,41.1,43.9
N-001,AI SEO-аудит готовности сайта,marketing,AI SEO,Аудит,Разовая,12,24,48,40000,80000,150000,"SEO Senior, аналитик (опц.)",ANALYTICS(46%)+SEO(54%)+PM_cost(10%),1534,ANALYTICS,2240,20251,40502,81005,36000,84000,187500,NO,49.4,51.8
N-002,Оптимизация одной страницы под AI-ответы,marketing,AI SEO,On-page AI,Разовая,3,6,12,5000,12000,25000,"SEO, копирайтер",SEO(50%)+CONTENT(50%)+PM_cost(10%),1146,SEO,1432,3781,7562,15125,5401,12600,31250,NO,37.0,40.0
N-003,Блок FAQ / HowTo / TL;DR под ИИ,marketing,AI SEO,Структурированный контент,Разовая,4,8,16,8000,18000,40000,SEO-копирайтер,SEO(50%)+CONTENT(50%)+PM_cost(10%),1146,SEO,1432,5042,10083,20166,7203,18900,50000,NO,44.0,46.7
N-004,Упаковка E-E-A-T / экспертности авторов,marketing,AI SEO,Trust / authorship,Проектная,10,20,40,25000,55000,120000,"SEO, контент-стратег",STRATEGIST(28%)+SEO(36%)+CONTENT(36%)+PM_cost(10%),1518,STRATEGIST,2900,16697,33393,66787,23853,57750,150000,NO,39.3,42.2
N-005,AI-assisted контент-пайплайн,marketing,AI SEO,Производство контента,Проектная,16,32,60,40000,90000,180000,"контент-лид, SEO",SEO(50%)+CONTENT(50%)+PM_cost(10%),1146,SEO,1432,20166,40332,75623,36000,94500,225000,NO,55.2,57.3
N-006,Настройка доступа AI-краулеров,marketing,AI SEO,Техническое,Разовая,2,4,8,8000,15000,35000,"SEO, frontend/devops (опц.)",DEVOPS(33%)+FE(33%)+SEO(33%)+PM_cost(10%),1695,DEVOPS,2450,3729,7458,14915,7200,15750,43750,NO,50.3,52.6
N-007,Аудит сниппетов и прямых ответов,marketing,AI SEO,SERP features,Разовая,8,16,32,20000,45000,90000,SEO,SEO(100%)+PM_cost(10%),1217,SEO,1432,10711,21423,42845,18000,47250,112500,NO,52.4,54.7
N-008,Контент-карта тем под AI-спрос,marketing,AI SEO,Стратегия контента,Проектная,12,24,48,35000,70000,140000,"SEO-стратег, аналитик",STRATEGIST(30%)+ANALYTICS(32%)+SEO(38%)+PM_cost(10%),1811,STRATEGIST,2900,23904,47808,95616,34149,77110,175000,NO,31.7,38.0
N-009,GEO-аудит видимости в нейросетях,marketing,GEO,Аудит,Разовая,16,32,64,40000,90000,180000,"SEO/GEO-специалист, аналитик",ANALYTICS(46%)+SEO(54%)+PM_cost(10%),1534,ANALYTICS,2240,27002,54003,108007,38574,94500,225000,NO,40.0,42.9
N-010,Ежемесячный мониторинг цитируемости бренда,marketing,GEO,Мониторинг,Ежемесячная,8,16,30,25000,50000,100000,GEO/SEO,SEO(100%)+PM_cost(10%),1217,SEO,1432,10711,21423,40168,22500,52500,125000,NO,57.2,59.2
N-011,Настройка llms.txt,marketing,GEO,Техническое,Разовая,2,4,8,10000,20000,40000,"SEO, разработчик (опц.)",SEO(100%)+PM_cost(10%),1217,SEO,1432,2678,5356,10711,9000,21000,50000,NO,73.2,74.5
N-012,Schema-пакет под LLM,marketing,GEO,Разметка,Разовая,6,12,24,15000,35000,70000,"SEO, frontend",FE(50%)+SEO(50%)+PM_cost(10%),1501,FE,2100,9907,19815,39629,14153,36750,87500,NO,43.4,46.1
N-013,Переписывание материала под цитируемость,marketing,GEO,Контент,Разовая,4,8,16,8000,18000,40000,SEO-копирайтер,SEO(50%)+CONTENT(50%)+PM_cost(10%),1146,SEO,1432,5042,10083,20166,7203,18900,50000,NO,44.0,46.7
N-014,План наращивания авторитетности источников,marketing,GEO,Стратегия / Digital PR,Проектная,10,20,40,30000,70000,150000,"GEO-стратег, PR",STRATEGIST(100%)+PM_cost(10%),2465,STRATEGIST,2900,27115,54230,108460,38736,87468,197200,NO,22.5,38.0
N-015,GEO-сопровождение (страницы/мес),marketing,GEO,Ведение,Ежемесячная,15,35,70,60000,120000,250000,"GEO/SEO, копирайтер",SEO(50%)+CONTENT(50%)+PM_cost(10%),1146,SEO,1432,18906,44113,88227,54000,126000,312500,NO,63.2,65.0
N-016,Gap-анализ промптов vs конкуренты,marketing,GEO,Research,Разовая,10,20,40,30000,60000,120000,GEO-аналитик,ANALYTICS(100%)+PM_cost(10%),1904,ANALYTICS,2240,20944,41888,83776,29920,67561,152320,NO,30.2,38.0
N-017,Аудит негатива бренда в ответах ИИ,marketing,GEO,Репутация в LLM,Разовая,12,24,48,35000,75000,150000,"SERM, GEO",SERM(100%)+PM_cost(10%),1217,SERM,1432,16067,32134,64268,31500,78750,187500,NO,57.2,59.2
N-018,GEO technical baseline (пакет),marketing,GEO,Техпакет,Проектная,8,16,32,25000,50000,100000,"SEO, frontend",FE(50%)+SEO(50%)+PM_cost(10%),1501,FE,2100,13210,26419,52839,22500,52500,125000,NO,47.2,49.7
N-019,Сборка медиалиста,marketing,PR,Research,Разовая,6,12,24,15000,35000,70000,PR-менеджер,BA(100%)+PM_cost(15%),2678,BA,3150,18475,36950,73899,26393,59597,134362,YES,-5.6,38.0
N-020,Написание пресс-релиза,marketing,PR,Контент,Разовая,3,6,12,8000,18000,40000,PR-копирайтер,CONTENT(100%)+PM_cost(10%),1074,CONTENT,1264,3546,7091,14182,7200,18900,50000,NO,60.6,62.5
N-021,Питчинг / работа по размещениям,marketing,PR,Outreach,Проектная / Ежемесячная,10,20,40,25000,55000,120000,PR,BA(100%)+PM_cost(15%),2678,BA,3150,30791,61582,123165,43987,99326,223936,YES,-12.0,38.0
N-022,Экспертный комментарий (пакет),marketing,PR,Thought leadership,Разовая,2,4,8,10000,25000,50000,"PR, эксперт клиента",BA(100%)+PM_cost(15%),2678,BA,3150,6158,12316,24633,9000,26250,62500,NO,50.7,53.1
N-023,Статья для VC / отраслевого медиа,marketing,PR,Контент-размещение,Разовая,8,16,28,20000,45000,90000,PR-копирайтер,CONTENT(100%)+PM_cost(10%),1074,CONTENT,1264,9455,18909,33092,18000,47250,112500,NO,58.0,60.0
N-024,Антикризисный PR-план,marketing,PR,Crisis,Разовая,12,24,48,40000,90000,200000,"PR lead, SERM",SERM(100%)+PM_cost(10%),1217,SERM,1432,16067,32134,64268,36000,94500,250000,NO,64.3,66.0
N-025,Календарь thought leadership,marketing,PR,Стратегия,Проектная,10,18,36,30000,60000,120000,PR-стратег,STRATEGIST(100%)+PM_cost(10%),2465,STRATEGIST,2900,27115,48807,97614,38736,78721,177480,NO,18.7,38.0
N-026,Подготовка спикера к интервью,marketing,PR,Media training light,Разовая,4,8,16,15000,35000,70000,PR,BA(100%)+PM_cost(15%),2678,BA,3150,12316,24633,49266,17594,39731,89575,NO,29.6,38.0
N-027,Настройка Telegram Ads,marketing,Performance,Telegram Ads,Разовая,8,16,32,15000,35000,70000,PPC / performance,PPC(100%)+PM_cost(10%),1432,PPC,1685,12604,25208,50415,18006,40658,91664,NO,28.0,38.0
N-028,Ведение Telegram Ads,marketing,Performance,Telegram Ads,Ежемесячная,8,16,30,20000,45000,100000,PPC,PPC(100%)+PM_cost(10%),1432,PPC,1685,12604,25208,47264,18006,47250,125000,NO,44.0,46.6
N-029,Настройка лидогенерации на Авито,marketing,Performance,Classifieds,Разовая,8,16,28,15000,35000,70000,"performance, копирайтер",CONTENT(100%)+PM_cost(10%),1074,CONTENT,1264,9455,18909,33092,13507,36750,87500,NO,46.0,48.5
N-030,Ведение Авито / классифайдов,marketing,Performance,Classifieds,Ежемесячная,8,15,30,20000,40000,80000,performance,BA(100%)+PM_cost(15%),2678,BA,3150,24633,46187,92374,35190,74495,167953,YES,-15.5,38.0
N-031,AI-ассистент в поддержку/продажи (MVP),marketing,Внедрение ИИ,Ассистенты,Проектная,40,80,160,120000,280000,600000,"AI-инженер / fullstack, аналитик, PM",FS(54%)+ANALYTICS(46%)+PM_cost(15%),1904,FS,2240,87584,175168,350336,125120,294000,750000,NO,37.4,40.4
N-032,Автоматизация маркетинговой отчётности с ИИ,marketing,Внедрение ИИ,Аналитика,Проектная,16,32,64,50000,110000,220000,"аналитик, AI-специалист",ANALYTICS(100%)+PM_cost(10%),1904,ANALYTICS,2240,33510,67021,134042,47871,115500,275000,NO,39.1,42.0
N-033,AI-аудит процессов (где внедрять ИИ),marketing,Внедрение ИИ,Диагностика,Разовая,12,24,40,40000,90000,180000,"консультант, аналитик",BA(48%)+ANALYTICS(52%)+PM_cost(10%),2274,BA,3150,30016,60032,100053,42880,96826,225000,NO,33.3,38.0
N-034,AI-пайплайн генерации креативов,marketing,Внедрение ИИ,Креатив,Проектная,12,24,48,35000,75000,150000,"performance, дизайнер, AI",DESIGN(100%)+PM_cost(10%),1432,DESIGN,1685,18906,37811,75623,31500,78750,187500,NO,49.6,52.0
N-035,Сопровождение AI-решения,marketing,Внедрение ИИ,Support,Ежемесячная,8,16,40,30000,70000,150000,"AI/fullstack, PM",FS(100%)+PM_cost(15%),1904,FS,2240,17517,35034,87584,27000,73500,187500,NO,50.0,52.3
